dyad_id,endpoint_a_actor_id,endpoint_b_actor_id,terminal_status,proposal_count,channels,valid_proposal_count,fully_authorizing_proposal_count,authorizing_proposal_id,authorizing_endpoint_a_occurrence_id,authorizing_endpoint_b_occurrence_id,authorizing_endpoint_a_authority,authorizing_endpoint_b_authority,authorizing_endpoint_a_reason,authorizing_endpoint_b_reason,edge_probability_p,selected_k,imputed_amount_hs,expected_contribution_hs
DYAD-a71199ca024c14fe,ACT-APPULEIUS,ACT-CICERO,surviving_candidate,3,financial_shared_neighbor;within_component,3,3,15fc07e668cb9a47e5408db708aed8bfee533dc5f7b6c750ce2a3b718b519843,OCC-ATT-PILOT-0025-THIRD_PARTY-02,OCC-ATT-PILOT-0025-THIRD_PARTY-01,revision5_occurrence_rule,revision5_occurrence_rule,financial_named_occurrence_on_valid_seed_basis,financial_named_occurrence_on_valid_seed_basis,0,5,362500,0
DYAD-2689af960df6272c,ACT-APPULEIUS,ACT-CORNIFICIUS-PROCURATORS,surviving_candidate,3,financial_shared_neighbor;within_component,3,3,2d31f8ce7252fde2d00b3aa32789f425b0936765259cc019992310e6fc0b16d4,OCC-ATT-PILOT-0025-THIRD_PARTY-02,OCC-ATT-PILOT-0025-THIRD_PARTY-03,revision5_occurrence_rule,revision5_occurrence_rule,financial_named_occurrence_on_valid_seed_basis,financial_named_occurrence_on_valid_seed_basis,0.593378479332,5,362500,215099.698757850012
DYAD-81ce1a3a6a6d1f9a,ACT-ATTICUS,ACT-AURELIUS,surviving_candidate,4,financial_shared_neighbor,4,4,1c9bba8915332ca8a2e191618fdb5bd613cdbda6431c7cece5e360a2a5e5f1a6,OCC-ATT-PILOT-0036-THIRD_PARTY-01,OCC-FAM-PILOT-0004-LENDER-02,revision5_occurrence_rule,revision5_occurrence_rule,financial_named_occurrence_on_valid_seed_basis,financial_named_occurrence_on_valid_seed_basis,0.402212909114,5,362500,145802.179553825001
DYAD-2d6d36ec9234888a,ACT-ATTICUS,ACT-CAERELLIA,surviving_candidate,4,financial_shared_neighbor,4,4,1bc152b3db51ef2879764f7d4d7534095d455e58fdad97e56983337e1dd8c3cf,OCC-ATT-PILOT-0017-THIRD_PARTY-02,OCC-ATT-PILOT-0026-LENDER-01,revision5_occurrence_rule,revision5_occurrence_rule,financial_named_occurrence_on_valid_seed_basis,financial_named_occurrence_on_valid_seed_basis,0.381594910351,5,362500,138328.155002237501
DYAD-4b56ccd33d47b93e,ACT-ATTICUS,ACT-COCCEIUS,surviving_candidate,4,financial_shared_neighbor,4,4,574e561149e4e55dd0d698d66b1c28cdfc7e6cd734aeb13b52d32e3275bd61e0,OCC-ATT-PILOT-0035-THIRD_PARTY-01,OCC-SEC-STAGED-0053-BORROWER-01,revision5_occurrence_rule,revision5_occurrence_rule,financial_named_occurrence_on_valid_seed_basis,financial_named_occurrence_on_valid_seed_basis,0.418578335414,5,362500,151734.646587575
DYAD-a9df929f274f970c,ACT-ATTICUS,ACT-CORNIFICIUS,surviving_candidate,4,financial_shared_neighbor,4,4,1c3f3ef064fad6307ed7c1df0de81e2242c3aed3e980dcea997b0a4868f743d4,OCC-ATT-PILOT-0035-THIRD_PARTY-01,OCC-ATT-PILOT-0025-BORROWER-01,revision5_occurrence_rule,revision5_occurrence_rule,financial_named_occurrence_on_valid_seed_basis,financial_named_occurrence_on_valid_seed_basis,0.381594910351,5,362500,138328.155002237501
DYAD-84bae940d3f698a3,ACT-ATTICUS,ACT-DOLABELLA,surviving_candidate,4,financial_shared_neighbor,4,4,3ced2afb83358349b07427987eb1e7d75162bdb03c401ce5ccea2d75bf0c6d09,OCC-ATT-PILOT-0017-THIRD_PARTY-02,OCC-ATT-PILOT-0028-BORROWER-01,revision5_occurrence_rule,revision5_occurrence_rule,financial_named_occurrence_on_valid_seed_basis,financial_named_occurrence_on_valid_seed_basis,0.402212909114,5,362500,145802.179553825001
DYAD-f49feeb1a9e4b5f2,ACT-ATTICUS,ACT-EROS,surviving_candidate,4,financial_shared_neighbor,4,4,445e8ac581a9ceba0f6553739ca5cf2fd3b7d2abfff0449549f497d8d2d8a97b,OCC-ATT-PILOT-0036-THIRD_PARTY-01,OCC-ATT-PILOT-0029-THIRD_PARTY-01,revision5_occurrence_rule,revision5_occurrence_rule,financial_named_occurrence_on_valid_seed_basis,financial_named_occurrence_on_valid_seed_basis,0.430189790161,5,362500,155943.798933362501
DYAD-586cf111feab0dee,ACT-ATTICUS,ACT-FABERIUS,surviving_candidate,8,financial_shared_neighbor,8,8,19e14b3e91136bd3d501a8146f024a03f147b3f6e3a63d4589aae03a331234ec,OCC-ATT-PILOT-0035-THIRD_PARTY-01,OCC-ATT-PILOT-0028-THIRD_PARTY-01,revision5_occurrence_rule,revision5_occurrence_rule,financial_named_occurrence_on_valid_seed_basis,financial_named_occurrence_on_valid_seed_basis,0.369482056516,5,362500,133937.245487050008
DYAD-33ad77b160a0e366,ACT-ATTICUS,ACT-FLAMMA,surviving_candidate,4,financial_shared_neighbor,4,4,232e965afbc377458f3edce448d82a918f855136989d3de27ad4b320d02eea19,OCC-ATT-PILOT-0017-THIRD_PARTY-02,OCC-FAM-PILOT-0005-BORROWER-01,revision5_occurrence_rule,revision5_occurrence_rule,financial_named_occurrence_on_valid_seed_basis,financial_named_occurrence_on_valid_seed_basis,0.402212909114,5,362500,145802.179553825001
DYAD-b2db43668e24e89f,ACT-ATTICUS,ACT-HERMOGENES,surviving_candidate,4,financial_shared_neighbor,4,4,4220c4011f67c3052626ad77bcac4c5556c0b859e95f5099f464b2f46da417c5,OCC-ATT-PILOT-0035-THIRD_PARTY-01,OCC-ATT-PILOT-0012-THIRD_PARTY-01,revision5_occurrence_rule,revision5_occurrence_rule,financial_named_occurrence_on_valid_seed_basis,financial_named_occurrence_on_valid_seed_basis,0.430189790161,5,362500,155943.798933362501
DYAD-8c8a19ec9aafdf90,ACT-ATTICUS,ACT-HORTENSIUS,surviving_candidate,4,financial_shared_neighbor,4,4,3c206de44bc9e4040a10174bb0118832f06f4c5cd3d76e5c4378a929b2b0b72d,OCC-ATT-PILOT-0017-THIRD_PARTY-02,OCC-ATT-PILOT-0029-LENDER-01,revision5_occurrence_rule,revision5_occurrence_rule,financial_named_occurrence_on_valid_seed_basis,financial_named_occurrence_on_valid_seed_basis,0.402212909114,5,362500,145802.179553825001
DYAD-dea6db7f2fe28c83,ACT-ATTICUS,ACT-IUNIUS,surviving_candidate,4,financial_shared_neighbor,4,4,14e2f3eb693964587bec74ab45c505ed0b1eb80cb2967f7e4b3a83496e461dc8,OCC-ATT-PILOT-0036-THIRD_PARTY-01,OCC-ATT-PILOT-0025-LENDER-01,revision5_occurrence_rule,revision5_occurrence_rule,financial_named_occurrence_on_valid_seed_basis,financial_named_occurrence_on_valid_seed_basis,0.381594910351,5,362500,138328.155002237501
DYAD-e554da4f61968ea9,ACT-ATTICUS,ACT-METON,surviving_candidate,4,financial_shared_neighbor,4,4,a786139c584123584a097791d857077f264274fafdfef1d25d1aa66dbcb7bf7e,OCC-ATT-PILOT-0017-THIRD_PARTY-02,OCC-ATT-PILOT-0026-THIRD_PARTY-02,revision5_occurrence_rule,revision5_occurrence_rule,financial_named_occurrence_on_valid_seed_basis,financial_named_occurrence_on_valid_seed_basis,0.430189790161,5,362500,155943.798933362501
DYAD-edb076cc1104c1db,ACT-ATTICUS,ACT-OFILLIUS,surviving_candidate,4,financial_shared_neighbor,4,4,14791062b22d16ea9610e97fd90ac083f32e4c44d0a127681e5109dda9b413f7,OCC-ATT-PILOT-0035-THIRD_PARTY-01,OCC-FAM-PILOT-0004-LENDER-01,revision5_occurrence_rule,revision5_occurrence_rule,financial_named_occurrence_on_valid_seed_basis,financial_named_occurrence_on_valid_seed_basis,0.402212909114,5,362500,145802.179553825001
DYAD-07d70b3cf21a644d,ACT-ATTICUS,ACT-SCRIBONIUS-LIBO,surviving_candidate,4,financial_shared_neighbor,4,4,74f203290a3058d0ff0ba58e63ccec83d05982013db007c8afee3ca32579a61a,OCC-ATT-PILOT-0035-THIRD_PARTY-01,OCC-SEC-STAGED-0038-BORROWER-01,revision5_occurrence_rule,revision5_occurrence_rule,financial_named_occurrence_on_valid_seed_basis,financial_named_occurrence_on_valid_seed_basis,0.418578335414,5,362500,151734.646587575
DYAD-e81a303730c6652b,ACT-ATTICUS,ACT-SILIUS,surviving_candidate,8,financial_shared_neighbor,8,8,66b6a2cbbd0c70a31a91ea74f1e51365c049bdb4f84b851618476ab4986840d5,OCC-ATT-PILOT-0017-THIRD_PARTY-02,OCC-ATT-PILOT-0011-LENDER-01,revision5_occurrence_rule,revision5_occurrence_rule,financial_named_occurrence_on_valid_seed_basis,financial_named_occurrence_on_valid_seed_basis,0.369482056516,5,362500,133937.245487050008
DYAD-75acc024b163c65b,ACT-ATTICUS,ACT-TIRO,surviving_candidate,16,financial_shared_neighbor,16,16,16c3e77ae5856a1217ece7ca94de3e00b4a526c88063f12be9a549f3312c9cbe,OCC-SEC-STAGED-0076-THIRD_PARTY-01,OCC-FAM-PILOT-0004-THIRD_PARTY-01,revision5_occurrence_rule,revision5_occurrence_rule,financial_named_occurrence_on_valid_seed_basis,financial_named_occurrence_on_valid_seed_basis,0.300269177942,5,362500,108847.577003974991
DYAD-64d5ea81d6b977df,ACT-AURELIUS,ACT-CAERELLIA,surviving_candidate,2,financial_shared_neighbor,2,2,6beb393e855915b263a08ab4ef45f5ced71583a037fe339d5399e5b4c740c254,OCC-FAM-PILOT-0004-LENDER-02,OCC-ATT-PILOT-0026-LENDER-01,revision5_occurrence_rule,revision5_occurrence_rule,financial_named_occurrence_on_valid_seed_basis,financial_named_occurrence_on_valid_seed_basis,0.492119044622,5,362500,178393.153675475012
DYAD-7ce3d118c9e15884,ACT-AURELIUS,ACT-CLUVIAN-COHEIRS,surviving_candidate,1,financial_shared_neighbor,1,1,76d938e59b712dbee7b07d4f41d831731191adb42c8148d6e01e579b1a9399b6,OCC-FAM-PILOT-0004-LENDER-02,OCC-ATT-PILOT-0017-LENDER-01,revision5_occurrence_rule,revision5_occurrence_rule,financial_named_occurrence_on_valid_seed_basis,financial_named_occurrence_on_valid_seed_basis,0.518708785675,5,362500,188031.934807187499
DYAD-0bac861dd1e4d681,ACT-AURELIUS,ACT-COCCEIUS,surviving_candidate,1,financial_shared_neighbor,1,1,86b0def05a4fbb42f5ff3bfd11983ea0183ac0773f5541f9596e39f6b847af20,OCC-FAM-PILOT-0004-LENDER-02,OCC-SEC-STAGED-0053-BORROWER-01,revision5_occurrence_rule,revision5_occurrence_rule,financial_named_occurrence_on_valid_seed_basis,financial_named_occurrence_on_valid_seed_basis,0.539814250494,5,362500,195682.66580407499
DYAD-dd21f959cd33000f,ACT-AURELIUS,ACT-CORNIFICIUS,surviving_candidate,1,financial_shared_neighbor,1,1,2c8f2d5796a9a2c98396323449772519ab95c908784391b9bba0ee0b2f3b9eb0,OCC-FAM-PILOT-0004-LENDER-02,OCC-ATT-PILOT-0025-BORROWER-01,revision5_occurrence_rule,revision5_occurrence_rule,financial_named_occurrence_on_valid_seed_basis,financial_named_occurrence_on_valid_seed_basis,0.492119044622,5,362500,178393.153675475012
DYAD-a007e0f7c92bf224,ACT-AURELIUS,ACT-DOLABELLA,surviving_candidate,1,financial_shared_neighbor,1,1,54fca475ea478657fc0041847e47302b9f6756db4385a3a684f392993ee3d3c7,OCC-FAM-PILOT-0004-LENDER-02,OCC-ATT-PILOT-0028-BORROWER-01,revision5_occurrence_rule,revision5_occurrence_rule,financial_named_occurrence_on_valid_seed_basis,financial_named_occurrence_on_valid_seed_basis,0.518708785675,5,362500,188031.934807187499
DYAD-1159b6f04003eae9,ACT-AURELIUS,ACT-EROS,surviving_candidate,1,financial_shared_neighbor,1,1,58ec175a8afa8dc49cb10b6590ba340d37f754d765b0f3e92e35b399e5d4c89d,OCC-FAM-PILOT-0004-LENDER-02,OCC-ATT-PILOT-0029-THIRD_PARTY-01,revision5_occurrence_rule,revision5_occurrence_rule,financial_named_occurrence_on_valid_seed_basis,financial_named_occurrence_on_valid_seed_basis,0.554788816091,5,362500,201110.945832987491
DYAD-a92c398b78512eef,ACT-AURELIUS,ACT-FABERIUS,surviving_candidate,2,financial_shared_neighbor,2,2,036b90f102e656cb05d3a3fd127e683723ac21406e2137ab8d483d3dc6040989,OCC-FAM-PILOT-0004-LENDER-02,OCC-ATT-PILOT-0026-THIRD_PARTY-03,revision5_occurrence_rule,revision5_occurrence_rule,financial_named_occurrence_on_valid_seed_basis,financial_named_occurrence_on_valid_seed_basis,0.476497856039,5,362500,172730.472814137494
DYAD-588d83c873ec9f38,ACT-AURELIUS,ACT-FLAMMA,surviving_candidate,2,financial_shared_neighbor,2,2,72fc46e1a586083fa6c46a9c86ffe44aea65231029b873ce25b83ccc4ff5c473,OCC-FAM-PILOT-0004-LENDER-02,OCC-FAM-PILOT-0005-BORROWER-01,revision5_occurrence_rule,revision5_occurrence_rule,financial_named_occurrence_on_valid_seed_basis,financial_named_occurrence_on_valid_seed_basis,0.518708785675,5,362500,188031.934807187499
DYAD-d273c86eb855fac9,ACT-AURELIUS,ACT-HERMOGENES,surviving_candidate,1,financial_shared_neighbor,1,1,f944e512be36987b377ad0253ddc3f924ed4a56a29f21c220a8f8711e297d3f9,OCC-FAM-PILOT-0004-LENDER-02,OCC-ATT-PILOT-0012-THIRD_PARTY-01,revision5_occurrence_rule,revision5_occurrence_rule,financial_named_occurrence_on_valid_seed_basis,financial_named_occurrence_on_valid_seed_basis,0.554788816091,5,362500,201110.945832987491
DYAD-fbd81f721515e8d9,ACT-AURELIUS,ACT-HORTENSIUS,surviving_candidate,1,financial_shared_neighbor,1,1,b2a9854f7facfcce537af3c516374cd1e6bea7b1805397ca1fb15614159c090d,OCC-FAM-PILOT-0004-LENDER-02,OCC-ATT-PILOT-0029-LENDER-01,revision5_occurrence_rule,revision5_occurrence_rule,financial_named_occurrence_on_valid_seed_basis,financial_named_occurrence_on_valid_seed_basis,0.518708785675,5,362500,188031.934807187499
DYAD-86fbbb05645c6b8d,ACT-AURELIUS,ACT-IUNIUS,surviving_candidate,1,financial_shared_neighbor,1,1,bb906822542fdfe3bedcadbf6116f2ee0128ef5771dd9f122e57787036842b50,OCC-FAM-PILOT-0004-LENDER-02,OCC-ATT-PILOT-0025-LENDER-01,revision5_occurrence_rule,revision5_occurrence_rule,financial_named_occurrence_on_valid_seed_basis,financial_named_occurrence_on_valid_seed_basis,0.492119044622,5,362500,178393.153675475012
DYAD-199b2c567b187fd9,ACT-AURELIUS,ACT-METON,surviving_candidate,1,financial_shared_neighbor,1,1,09e83ab9c792e10a89c2dacbaacdf447a4f0c492ac3b8ed07c945fcb701c9685,OCC-FAM-PILOT-0004-LENDER-02,OCC-ATT-PILOT-0026-THIRD_PARTY-02,revision5_occurrence_rule,revision5_occurrence_rule,financial_named_occurrence_on_valid_seed_basis,financial_named_occurrence_on_valid_seed_basis,0.554788816091,5,362500,201110.945832987491
DYAD-9bce41fa202635f2,ACT-AURELIUS,ACT-OFILLIUS,surviving_candidate,3,financial_shared_neighbor;within_component,3,3,082c9f5c1eb2b70db3dac7ceabd88d62a59756e51b2fb44c5b6b728d6f954b87,OCC-FAM-PILOT-0004-LENDER-02,OCC-FAM-PILOT-0004-LENDER-01,revision5_occurrence_rule,revision5_occurrence_rule,financial_named_occurrence_on_valid_seed_basis,financial_named_occurrence_on_valid_seed_basis,0.518708785675,5,362500,188031.934807187499
DYAD-bf531e6c66dcc842,ACT-AURELIUS,ACT-PATULCIUS,surviving_candidate,1,financial_shared_neighbor,1,1,3df12192e887c17a0d90852056fe7491a27d096aa71c2c8dfa94a9f4ed038e41,OCC-FAM-PILOT-0004-LENDER-02,OCC-SEC-STAGED-0076-LENDER-01,revision5_occurrence_rule,revision5_occurrence_rule,financial_named_occurrence_on_valid_seed_basis,financial_named_occurrence_on_valid_seed_basis,0.518708785675,5,362500,188031.934807187499
DYAD-5feee60fa8077aa0,ACT-AURELIUS,ACT-PUBLILIUS,surviving_candidate,2,financial_shared_neighbor,2,2,3276c251eb8759b93ceb2960374a7ee61192be37cd5a2f05e0e12e74af43246b,OCC-FAM-PILOT-0004-LENDER-02,OCC-ATT-PILOT-0030-LENDER-01,revision5_occurrence_rule,revision5_occurrence_rule,financial_named_occurrence_on_valid_seed_basis,financial_named_occurrence_on_valid_seed_basis,0.476497856039,5,362500,172730.472814137494
DYAD-b96742a6859ec15c,ACT-AURELIUS,ACT-SCRIBONIUS-LIBO,surviving_candidate,1,financial_shared_neighbor,1,1,9a301ad80b57547fb7622a52e18c5a0a535aec5e27aee971173518414179442e,OCC-FAM-PILOT-0004-LENDER-02,OCC-SEC-STAGED-0038-BORROWER-01,revision5_occurrence_rule,revision5_occurrence_rule,financial_named_occurrence_on_valid_seed_basis,financial_named_occurrence_on_valid_seed_basis,0.539814250494,5,362500,195682.66580407499
DYAD-69c289c83cce46bf,ACT-AURELIUS,ACT-SILIUS,surviving_candidate,2,financial_shared_neighbor,2,2,30e3efd531a36bfcd213cb84c0f58973043f5eca410182ad0e01d9507fec3328,OCC-FAM-PILOT-0004-LENDER-02,OCC-ATT-PILOT-0011-LENDER-01,revision5_occurrence_rule,revision5_occurrence_rule,financial_named_occurrence_on_valid_seed_basis,financial_named_occurrence_on_valid_seed_basis,0.476497856039,5,362500,172730.472814137494
DYAD-4a02464e6f8509e3,ACT-AURELIUS,ACT-TERENTIA,surviving_candidate,1,financial_shared_neighbor,1,1,25a02c91ec9e9ca37700d5b1fd99d60912e3e182f5abaaf55eb4f085588f9874,OCC-FAM-PILOT-0004-LENDER-02,OCC-ATT-PILOT-0036-LENDER-01,revision5_occurrence_rule,revision5_occurrence_rule,financial_named_occurrence_on_valid_seed_basis,financial_named_occurrence_on_valid_seed_basis,0.518708785675,5,362500,188031.934807187499
DYAD-b4d6cd5ffced7f44,ACT-CAERELLIA,ACT-CLUVIAN-COHEIRS,surviving_candidate,1,financial_shared_neighbor,1,1,b94d71e428281349438d2c7b39d41d3ae05ff9c07622eedcdb3471f8ee1b20aa,OCC-ATT-PILOT-0026-LENDER-01,OCC-ATT-PILOT-0017-LENDER-01,revision5_occurrence_rule,revision5_occurrence_rule,financial_named_occurrence_on_valid_seed_basis,financial_named_occurrence_on_valid_seed_basis,0.492119044622,5,362500,178393.153675475012
DYAD-f0b76422b62cca04,ACT-CAERELLIA,ACT-COCCEIUS,surviving_candidate,1,financial_shared_neighbor,1,1,10bdf9224964ad088a161ae91d38f6c343760a016b37c5b2d37ebe3d8692700d,OCC-ATT-PILOT-0026-LENDER-01,OCC-SEC-STAGED-0053-BORROWER-01,revision5_occurrence_rule,revision5_occurrence_rule,financial_named_occurrence_on_valid_seed_basis,financial_named_occurrence_on_valid_seed_basis,0.512142613665,5,362500,185651.69745356252
DYAD-aa02b6a3cef3c908,ACT-CAERELLIA,ACT-CORNIFICIUS,surviving_candidate,1,financial_shared_neighbor,1,1,29428fede36b14fd36590a1785ee29608ab23ecb638df00e71419465c0e3f582,OCC-ATT-PILOT-0026-LENDER-01,OCC-ATT-PILOT-0025-BORROWER-01,revision5_occurrence_rule,revision5_occurrence_rule,financial_named_occurrence_on_valid_seed_basis,financial_named_occurrence_on_valid_seed_basis,0.46689233105,5,362500,169248.470005624986
DYAD-7b080b154ef5e712,ACT-CAERELLIA,ACT-DOLABELLA,surviving_candidate,2,financial_shared_neighbor,2,2,ea6d3610a04cdf5593e0756ee355106252c51b9baa03503f3060dab476738042,OCC-ATT-PILOT-0026-LENDER-01,OCC-ATT-PILOT-0028-BORROWER-01,revision5_occurrence_rule,revision5_occurrence_rule,financial_named_occurrence_on_valid_seed_basis,financial_named_occurrence_on_valid_seed_basis,0.492119044622,5,362500,178393.153675475012
DYAD-b53add6ea57e2bd3,ACT-CAERELLIA,ACT-EROS,surviving_candidate,1,financial_shared_neighbor,1,1,67989521595182dc8a6faa011e1d7122a567fe7a0d6bf4a2378053fa536270c3,OCC-ATT-PILOT-0026-LENDER-01,OCC-ATT-PILOT-0029-THIRD_PARTY-01,revision5_occurrence_rule,revision5_occurrence_rule,financial_named_occurrence_on_valid_seed_basis,financial_named_occurrence_on_valid_seed_basis,0.526349561993,5,362500,190801.716222462506
DYAD-7a667fdaebb37786,ACT-CAERELLIA,ACT-FLAMMA,surviving_candidate,2,financial_shared_neighbor,2,2,09a434fb322df378eb7e36b6eb37da837610936f19020a47db1709e7c2b3d422,OCC-ATT-PILOT-0026-LENDER-01,OCC-FAM-PILOT-0005-BORROWER-01,revision5_occurrence_rule,revision5_occurrence_rule,financial_named_occurrence_on_valid_seed_basis,financial_named_occurrence_on_valid_seed_basis,0.492119044622,5,362500,178393.153675475012
DYAD-428812a75c2af833,ACT-CAERELLIA,ACT-HERMOGENES,surviving_candidate,1,financial_shared_neighbor,1,1,be3a2260ed24f47af9be493bfee4677ab3e7b90a0e3797588a4c2eeffb98fabb,OCC-ATT-PILOT-0026-LENDER-01,OCC-ATT-PILOT-0012-THIRD_PARTY-01,revision5_occurrence_rule,revision5_occurrence_rule,financial_named_occurrence_on_valid_seed_basis,financial_named_occurrence_on_valid_seed_basis,0.526349561993,5,362500,190801.716222462506
DYAD-405577a5bb35ad9c,ACT-CAERELLIA,ACT-HORTENSIUS,surviving_candidate,1,financial_shared_neighbor,1,1,c88a9a91418274a38e8e4fee2c35e79747a85283ee433be632f8e1c18b558de3,OCC-ATT-PILOT-0026-LENDER-01,OCC-ATT-PILOT-0029-LENDER-01,revision5_occurrence_rule,revision5_occurrence_rule,financial_named_occurrence_on_valid_seed_basis,financial_named_occurrence_on_valid_seed_basis,0.492119044622,5,362500,178393.153675475012
DYAD-2115f666859ad492,ACT-CAERELLIA,ACT-IUNIUS,surviving_candidate,1,financial_shared_neighbor,1,1,b4cc42b4c9f3cbe8f58b01c6be59b1ce026ee8a2f02b14ef6ce6999b7891fafa,OCC-ATT-PILOT-0026-LENDER-01,OCC-ATT-PILOT-0025-LENDER-01,revision5_occurrence_rule,revision5_occurrence_rule,financial_named_occurrence_on_valid_seed_basis,financial_named_occurrence_on_valid_seed_basis,0.46689233105,5,362500,169248.470005624986
DYAD-148f0c06393270b3,ACT-CAERELLIA,ACT-OFILLIUS,surviving_candidate,2,financial_shared_neighbor,2,2,7a1a400ef5417f31d6db8b83e7cd47b7a9711c4af67466419b9f59fad40e77d2,OCC-ATT-PILOT-0026-LENDER-01,OCC-FAM-PILOT-0004-LENDER-01,revision5_occurrence_rule,revision5_occurrence_rule,financial_named_occurrence_on_valid_seed_basis,financial_named_occurrence_on_valid_seed_basis,0.492119044622,5,362500,178393.153675475012
DYAD-d6dbfc2c3069a155,ACT-CAERELLIA,ACT-PATULCIUS,surviving_candidate,1,financial_shared_neighbor,1,1,ae7b76bf2ead68c767cb9c89417555c5f006d6443ae33408fab8d07dd8fdd072,OCC-ATT-PILOT-0026-LENDER-01,OCC-SEC-STAGED-0076-LENDER-01,revision5_occurrence_rule,revision5_occurrence_rule,financial_named_occurrence_on_valid_seed_basis,financial_named_occurrence_on_valid_seed_basis,0.492119044622,5,362500,178393.153675475012
DYAD-182fcb32f9c45cc6,ACT-CAERELLIA,ACT-PUBLILIUS,surviving_candidate,2,financial_shared_neighbor,2,2,606f5b8eb452be588af18f35ff5139732dd7e19aef3467f385d77ab7f4c3fa30,OCC-ATT-PILOT-0026-LENDER-01,OCC-ATT-PILOT-0030-LENDER-01,revision5_occurrence_rule,revision5_occurrence_rule,financial_named_occurrence_on_valid_seed_basis,financial_named_occurrence_on_valid_seed_basis,0.452071906538,5,362500,163876.066120025003
DYAD-fabf08efe3971b03,ACT-CAERELLIA,ACT-SCRIBONIUS-LIBO,surviving_candidate,1,financial_shared_neighbor,1,1,957cc2b41b6f3f67775a88d04eda14150cf5fb71cdfed53cc3d6881403e26f5f,OCC-ATT-PILOT-0026-LENDER-01,OCC-SEC-STAGED-0038-BORROWER-01,revision5_occurrence_rule,revision5_occurrence_rule,financial_named_occurrence_on_valid_seed_basis,financial_named_occurrence_on_valid_seed_basis,0.512142613665,5,362500,185651.69745356252
DYAD-41430607382d7105,ACT-CAERELLIA,ACT-SILIUS,surviving_candidate,2,financial_shared_neighbor,2,2,5837f191252094f65b8c6bf383420ee87408b9e19948306ad73adaa08ac8e0f0,OCC-ATT-PILOT-0026-LENDER-01,OCC-ATT-PILOT-0011-LENDER-01,revision5_occurrence_rule,revision5_occurrence_rule,financial_named_occurrence_on_valid_seed_basis,financial_named_occurrence_on_valid_seed_basis,0.452071906538,5,362500,163876.066120025003
DYAD-1277ba84d11e402d,ACT-CAERELLIA,ACT-TERENTIA,surviving_candidate,1,financial_shared_neighbor,1,1,c6f5ebecc8447abc9cbc50c2ef7c283f343a84adc40f6905a2f0fe08407600b4,OCC-ATT-PILOT-0026-LENDER-01,OCC-ATT-PILOT-0036-LENDER-01,revision5_occurrence_rule,revision5_occurrence_rule,financial_named_occurrence_on_valid_seed_basis,financial_named_occurrence_on_valid_seed_basis,0.492119044622,5,362500,178393.153675475012
DYAD-c961d2c3fc03a601,ACT-CICERO,ACT-CORNIFICIUS-PROCURATORS,surviving_candidate,3,financial_shared_neighbor;within_component,3,3,30975a38730a39371d5e7ab1ac95af8d4fff77e4af772afa1259046aa2e12989,OCC-ATT-PILOT-0025-THIRD_PARTY-01,OCC-ATT-PILOT-0025-THIRD_PARTY-03,revision5_occurrence_rule,revision5_occurrence_rule,financial_named_occurrence_on_valid_seed_basis,financial_named_occurrence_on_valid_seed_basis,0,5,362500,0
DYAD-5be5d853693a5e1a,ACT-CLUVIAN-COHEIRS,ACT-COCCEIUS,surviving_candidate,1,financial_shared_neighbor,1,1,ebe130785282aa4d762ddbb1fffc4e8482b8b0bda775684da77ad33937e536ab,OCC-ATT-PILOT-0017-LENDER-01,OCC-SEC-STAGED-0053-BORROWER-01,revision5_occurrence_rule,revision5_occurrence_rule,financial_named_occurrence_on_valid_seed_basis,financial_named_occurrence_on_valid_seed_basis,0.539814250494,5,362500,195682.66580407499
DYAD-945e5d50bf81dece,ACT-CLUVIAN-COHEIRS,ACT-CORNIFICIUS,surviving_candidate,1,financial_shared_neighbor,1,1,39d0774b14947998d27c108496074aa0262eb001429a94dd9e53da48822ecd2b,OCC-ATT-PILOT-0017-LENDER-01,OCC-ATT-PILOT-0025-BORROWER-01,revision5_occurrence_rule,revision5_occurrence_rule,financial_named_occurrence_on_valid_seed_basis,financial_named_occurrence_on_valid_seed_basis,0.492119044622,5,362500,178393.153675475012
DYAD-445380fe2708aa65,ACT-CLUVIAN-COHEIRS,ACT-DOLABELLA,surviving_candidate,1,financial_shared_neighbor,1,1,d162ea366a80f0df12e24b2a4243c7e4871c72150364a2a96e66d77b81e10283,OCC-ATT-PILOT-0017-LENDER-01,OCC-ATT-PILOT-0028-BORROWER-01,revision5_occurrence_rule,revision5_occurrence_rule,financial_named_occurrence_on_valid_seed_basis,financial_named_occurrence_on_valid_seed_basis,0.518708785675,5,362500,188031.934807187499
DYAD-e5d3e73225d5a86f,ACT-CLUVIAN-COHEIRS,ACT-EROS,surviving_candidate,1,financial_shared_neighbor,1,1,291be6fc9d7a45563f7d85a369ac0533a4921bf9720b239b6b422065c9a26048,OCC-ATT-PILOT-0017-LENDER-01,OCC-ATT-PILOT-0029-THIRD_PARTY-01,revision5_occurrence_rule,revision5_occurrence_rule,financial_named_occurrence_on_valid_seed_basis,financial_named_occurrence_on_valid_seed_basis,0.554788816091,5,362500,201110.945832987491
DYAD-b282ba2f0318b1af,ACT-CLUVIAN-COHEIRS,ACT-FABERIUS,surviving_candidate,2,financial_shared_neighbor,2,2,6377d7f93a3f4ca47badb913793884f7428a6956089e1901dd1474e0ccd498c0,OCC-ATT-PILOT-0017-LENDER-01,OCC-ATT-PILOT-0026-THIRD_PARTY-03,revision5_occurrence_rule,revision5_occurrence_rule,financial_named_occurrence_on_valid_seed_basis,financial_named_occurrence_on_valid_seed_basis,0.476497856039,5,362500,172730.472814137494
DYAD-abf330cda2cdf12e,ACT-CLUVIAN-COHEIRS,ACT-FLAMMA,surviving_candidate,1,financial_shared_neighbor,1,1,a906c7b9d135754823e7677c05509f0bdb27a0841de448423ba9503981b6f29a,OCC-ATT-PILOT-0017-LENDER-01,OCC-FAM-PILOT-0005-BORROWER-01,revision5_occurrence_rule,revision5_occurrence_rule,financial_named_occurrence_on_valid_seed_basis,financial_named_occurrence_on_valid_seed_basis,0.518708785675,5,362500,188031.934807187499
DYAD-42227e1d431c343d,ACT-CLUVIAN-COHEIRS,ACT-HERMOGENES,surviving_candidate,1,financial_shared_neighbor,1,1,8563e6e1bfd1562d12eb7e5b4be83fd8fcb19643cc96cce24610dd5fa1c85453,OCC-ATT-PILOT-0017-LENDER-01,OCC-ATT-PILOT-0012-THIRD_PARTY-01,revision5_occurrence_rule,revision5_occurrence_rule,financial_named_occurrence_on_valid_seed_basis,financial_named_occurrence_on_valid_seed_basis,0.554788816091,5,362500,201110.945832987491
DYAD-2fd13afd2623a4a3,ACT-CLUVIAN-COHEIRS,ACT-HORTENSIUS,surviving_candidate,1,financial_shared_neighbor,1,1,de42097195a46f9dc14ec2dcd738bfe3f323f482a9bfe98d5e6db1d9a07e8834,OCC-ATT-PILOT-0017-LENDER-01,OCC-ATT-PILOT-0029-LENDER-01,revision5_occurrence_rule,revision5_occurrence_rule,financial_named_occurrence_on_valid_seed_basis,financial_named_occurrence_on_valid_seed_basis,0.518708785675,5,362500,188031.934807187499
DYAD-ebb8f54bde9e227e,ACT-CLUVIAN-COHEIRS,ACT-IUNIUS,surviving_candidate,1,financial_shared_neighbor,1,1,711da69c4780e5c1b7a70531f8f1b251e3130a91c96a4645fa6414239d36a827,OCC-ATT-PILOT-0017-LENDER-01,OCC-ATT-PILOT-0025-LENDER-01,revision5_occurrence_rule,revision5_occurrence_rule,financial_named_occurrence_on_valid_seed_basis,financial_named_occurrence_on_valid_seed_basis,0.492119044622,5,362500,178393.153675475012
DYAD-ea828ba9518d6ffe,ACT-CLUVIAN-COHEIRS,ACT-METON,surviving_candidate,1,financial_shared_neighbor,1,1,ae4a39a05f44d4c6aa3e81e57052ee4e8f4dd2436f4c909576debe86168a83de,OCC-ATT-PILOT-0017-LENDER-01,OCC-ATT-PILOT-0026-THIRD_PARTY-02,revision5_occurrence_rule,revision5_occurrence_rule,financial_named_occurrence_on_valid_seed_basis,financial_named_occurrence_on_valid_seed_basis,0.554788816091,5,362500,201110.945832987491
DYAD-743bec5514fc92b0,ACT-CLUVIAN-COHEIRS,ACT-OFILLIUS,surviving_candidate,1,financial_shared_neighbor,1,1,3ae46ded7666810ac731ca64a4a932abcbc960d33dfe52b571a1ad29d85b1aa9,OCC-ATT-PILOT-0017-LENDER-01,OCC-FAM-PILOT-0004-LENDER-01,revision5_occurrence_rule,revision5_occurrence_rule,financial_named_occurrence_on_valid_seed_basis,financial_named_occurrence_on_valid_seed_basis,0.518708785675,5,362500,188031.934807187499
DYAD-7247cd768298c038,ACT-CLUVIAN-COHEIRS,ACT-PATULCIUS,surviving_candidate,2,financial_shared_neighbor,2,2,7bf1a0f650b93c281bfbdf24df063cacc68cc9498190c2dc81c07ff586c2c431,OCC-ATT-PILOT-0017-LENDER-01,OCC-SEC-STAGED-0076-LENDER-01,revision5_occurrence_rule,revision5_occurrence_rule,financial_named_occurrence_on_valid_seed_basis,financial_named_occurrence_on_valid_seed_basis,0.518708785675,5,362500,188031.934807187499
DYAD-b771962db5f60a00,ACT-CLUVIAN-COHEIRS,ACT-PUBLILIUS,surviving_candidate,3,financial_shared_neighbor,3,3,108e1a4ce817489a4fa0224408d54656a604b0b953573e07d5f713ffae870708,OCC-ATT-PILOT-0017-LENDER-01,OCC-ATT-PILOT-0035-LENDER-01,revision5_occurrence_rule,revision5_occurrence_rule,financial_named_occurrence_on_valid_seed_basis,financial_named_occurrence_on_valid_seed_basis,0.476497856039,5,362500,172730.472814137494
DYAD-f3bbe6fc05337303,ACT-CLUVIAN-COHEIRS,ACT-SCRIBONIUS-LIBO,surviving_candidate,1,financial_shared_neighbor,1,1,6902dcafd5bc268891c006814a7fd8171ae7cc4179ded06dcf8cfe48b6410992,OCC-ATT-PILOT-0017-LENDER-01,OCC-SEC-STAGED-0038-BORROWER-01,revision5_occurrence_rule,revision5_occurrence_rule,financial_named_occurrence_on_valid_seed_basis,financial_named_occurrence_on_valid_seed_basis,0.539814250494,5,362500,195682.66580407499
DYAD-b3e66e980c26e09b,ACT-CLUVIAN-COHEIRS,ACT-SILIUS,surviving_candidate,2,financial_shared_neighbor,2,2,5b5cec68c5287c6a5726d67b21bba9c4835e0901cfa83910897c60669ccd318f,OCC-ATT-PILOT-0017-LENDER-01,OCC-ATT-PILOT-0012-LENDER-01,revision5_occurrence_rule,revision5_occurrence_rule,financial_named_occurrence_on_valid_seed_basis,financial_named_occurrence_on_valid_seed_basis,0.476497856039,5,362500,172730.472814137494
DYAD-8d939032978b507c,ACT-CLUVIAN-COHEIRS,ACT-TERENTIA,surviving_candidate,2,financial_shared_neighbor,2,2,01f48fcd7fbfcecbdcdf957b46b44e7c8daade6460bf0da73624c14fd50b7615,OCC-ATT-PILOT-0017-LENDER-01,OCC-ATT-PILOT-0036-LENDER-01,revision5_occurrence_rule,revision5_occurrence_rule,financial_named_occurrence_on_valid_seed_basis,financial_named_occurrence_on_valid_seed_basis,0.518708785675,5,362500,188031.934807187499
DYAD-66d71cd7070622dc,ACT-CLUVIAN-COHEIRS,ACT-TIRO,surviving_candidate,4,financial_shared_neighbor,4,4,1907a8a27016e1b984b7fbb6af01198025b14a30c952d22ceef793e4c752d439,OCC-ATT-PILOT-0017-LENDER-01,OCC-FAM-PILOT-0005-THIRD_PARTY-01,revision5_occurrence_rule,revision5_occurrence_rule,financial_named_occurrence_on_valid_seed_basis,financial_named_occurrence_on_valid_seed_basis,0.387238343516,5,362500,140373.899524550012
DYAD-5f7e609d885197cd,ACT-COCCEIUS,ACT-CORNIFICIUS,surviving_candidate,1,financial_shared_neighbor,1,1,806f412d2497df7786a1710cf7cebae2661b30ed05bb5d7297f5d58ba0294463,OCC-SEC-STAGED-0053-BORROWER-01,OCC-ATT-PILOT-0025-BORROWER-01,revision5_occurrence_rule,revision5_occurrence_rule,financial_named_occurrence_on_valid_seed_basis,financial_named_occurrence_on_valid_seed_basis,0.512142613665,5,362500,185651.69745356252
DYAD-2673c9a9ab6a377e,ACT-COCCEIUS,ACT-DOLABELLA,surviving_candidate,1,financial_shared_neighbor,1,1,c872d1b195609cf2d9e5228d6769219ba8e2031b919e14f2445c0ac11fc25b73,OCC-SEC-STAGED-0053-BORROWER-01,OCC-ATT-PILOT-0028-BORROWER-01,revision5_occurrence_rule,revision5_occurrence_rule,financial_named_occurrence_on_valid_seed_basis,financial_named_occurrence_on_valid_seed_basis,0.539814250494,5,362500,195682.66580407499
DYAD-0c7c6dd7c7a15eba,ACT-COCCEIUS,ACT-EROS,surviving_candidate,1,financial_shared_neighbor,1,1,80b85eb94878ea6c94f36a93a0d6b3d16d8de502c533bec1e4af101dc65028ba,OCC-SEC-STAGED-0053-BORROWER-01,OCC-ATT-PILOT-0029-THIRD_PARTY-01,revision5_occurrence_rule,revision5_occurrence_rule,financial_named_occurrence_on_valid_seed_basis,financial_named_occurrence_on_valid_seed_basis,0.577362322003,5,362500,209293.841726087499
DYAD-4d038bf1b6f13667,ACT-COCCEIUS,ACT-FABERIUS,surviving_candidate,2,financial_shared_neighbor,2,2,4d6c99ec4bf357eaa9649448be06fa01e25b747a5231ef97b9443ddaf7d5a676,OCC-SEC-STAGED-0053-BORROWER-01,OCC-ATT-PILOT-0026-THIRD_PARTY-03,revision5_occurrence_rule,revision5_occurrence_rule,financial_named_occurrence_on_valid_seed_basis,financial_named_occurrence_on_valid_seed_basis,0.49588582288,5,362500,179758.610794000007
DYAD-9ab3705404f2d0ef,ACT-COCCEIUS,ACT-FLAMMA,surviving_candidate,1,financial_shared_neighbor,1,1,236f248a8fd107f2089105a65b892ac559a9d6a417f7816695e054066001a7b3,OCC-SEC-STAGED-0053-BORROWER-01,OCC-FAM-PILOT-0005-BORROWER-01,revision5_occurrence_rule,revision5_occurrence_rule,financial_named_occurrence_on_valid_seed_basis,financial_named_occurrence_on_valid_seed_basis,0.539814250494,5,362500,195682.66580407499
DYAD-df8695f56b281030,ACT-COCCEIUS,ACT-HERMOGENES,surviving_candidate,1,financial_shared_neighbor,1,1,fe70b42a8075a503de0c6a9d0dff088943a285f5524e52e21932a8239680c8f5,OCC-SEC-STAGED-0053-BORROWER-01,OCC-ATT-PILOT-0012-THIRD_PARTY-01,revision5_occurrence_rule,revision5_occurrence_rule,financial_named_occurrence_on_valid_seed_basis,financial_named_occurrence_on_valid_seed_basis,0.577362322003,5,362500,209293.841726087499
DYAD-f88d768b95ca4498,ACT-COCCEIUS,ACT-HORTENSIUS,surviving_candidate,1,financial_shared_neighbor,1,1,cf783c961e32a99aafc87e3f29a48921da4d5467b831cd6746a885b15fbd91ca,OCC-SEC-STAGED-0053-BORROWER-01,OCC-ATT-PILOT-0029-LENDER-01,revision5_occurrence_rule,revision5_occurrence_rule,financial_named_occurrence_on_valid_seed_basis,financial_named_occurrence_on_valid_seed_basis,0.539814250494,5,362500,195682.66580407499
DYAD-dc5859b71f3ff67a,ACT-COCCEIUS,ACT-IUNIUS,surviving_candidate,1,financial_shared_neighbor,1,1,3115c457fe41451a4a13b997f3aaa56eb18f00d7fc2f3aed004200d988577293,OCC-SEC-STAGED-0053-BORROWER-01,OCC-ATT-PILOT-0025-LENDER-01,revision5_occurrence_rule,revision5_occurrence_rule,financial_named_occurrence_on_valid_seed_basis,financial_named_occurrence_on_valid_seed_basis,0.512142613665,5,362500,185651.69745356252
DYAD-16e9a24af759ad83,ACT-COCCEIUS,ACT-METON,surviving_candidate,1,financial_shared_neighbor,1,1,40b7bf2971ab7222b96f8c0de6a5e16222e0b4c64e8c50dcd7af1b6b0dd5ee3d,OCC-SEC-STAGED-0053-BORROWER-01,OCC-ATT-PILOT-0026-THIRD_PARTY-02,revision5_occurrence_rule,revision5_occurrence_rule,financial_named_occurrence_on_valid_seed_basis,financial_named_occurrence_on_valid_seed_basis,0.577362322003,5,362500,209293.841726087499
DYAD-b4bfc38d4ce1b84b,ACT-COCCEIUS,ACT-OFILLIUS,surviving_candidate,1,financial_shared_neighbor,1,1,23e5b7ff358e4a1e2d49f53f4e8a7e576029159f4fb61e267f0c79b74c93ae34,OCC-SEC-STAGED-0053-BORROWER-01,OCC-FAM-PILOT-0004-LENDER-01,revision5_occurrence_rule,revision5_occurrence_rule,financial_named_occurrence_on_valid_seed_basis,financial_named_occurrence_on_valid_seed_basis,0.539814250494,5,362500,195682.66580407499
DYAD-23c86a1af876023e,ACT-COCCEIUS,ACT-PATULCIUS,surviving_candidate,1,financial_shared_neighbor,1,1,a0b6dcac98b54657b2813020e4281d431704185e85bb4c7a9dbb75ca0abc664b,OCC-SEC-STAGED-0053-BORROWER-01,OCC-SEC-STAGED-0076-LENDER-01,revision5_occurrence_rule,revision5_occurrence_rule,financial_named_occurrence_on_valid_seed_basis,financial_named_occurrence_on_valid_seed_basis,0.539814250494,5,362500,195682.66580407499
DYAD-7a3035c4d5258862,ACT-COCCEIUS,ACT-PUBLILIUS,surviving_candidate,2,financial_shared_neighbor,2,2,a2e15c53b66e0005e6e8bbee19cb745b9a1246474063d3cadee8ab0cb53cbae4,OCC-SEC-STAGED-0053-BORROWER-01,OCC-ATT-PILOT-0030-LENDER-01,revision5_occurrence_rule,revision5_occurrence_rule,financial_named_occurrence_on_valid_seed_basis,financial_named_occurrence_on_valid_seed_basis,0.49588582288,5,362500,179758.610794000007
DYAD-dd3735107812774c,ACT-COCCEIUS,ACT-SCRIBONIUS-LIBO,surviving_candidate,1,financial_shared_neighbor,1,1,03f92da72938b7da7a0f58a087a52b07d5185454f51fefbe84390a04a3e1b589,OCC-SEC-STAGED-0053-BORROWER-01,OCC-SEC-STAGED-0038-BORROWER-01,revision5_occurrence_rule,revision5_occurrence_rule,financial_named_occurrence_on_valid_seed_basis,financial_named_occurrence_on_valid_seed_basis,0.561778464301,5,362500,203644.693309112481
DYAD-fedbc4cae5d4f351,ACT-COCCEIUS,ACT-SILIUS,surviving_candidate,2,financial_shared_neighbor,2,2,7bf9f8de96cbacbec3615b76f43ad8697ade962c889ba37cf7a6560f348795f8,OCC-SEC-STAGED-0053-BORROWER-01,OCC-ATT-PILOT-0012-LENDER-01,revision5_occurrence_rule,revision5_occurrence_rule,financial_named_occurrence_on_valid_seed_basis,financial_named_occurrence_on_valid_seed_basis,0.49588582288,5,362500,179758.610794000007
DYAD-b4deb62f727b6108,ACT-COCCEIUS,ACT-TERENTIA,surviving_candidate,1,financial_shared_neighbor,1,1,88f8cbf2098c9340670d276f8d88009ca114f5f6df9df4053924d14cc465c75f,OCC-SEC-STAGED-0053-BORROWER-01,OCC-ATT-PILOT-0036-LENDER-01,revision5_occurrence_rule,revision5_occurrence_rule,financial_named_occurrence_on_valid_seed_basis,financial_named_occurrence_on_valid_seed_basis,0.539814250494,5,362500,195682.66580407499
DYAD-c42dbd2f5b7a9824,ACT-COCCEIUS,ACT-TIRO,surviving_candidate,4,financial_shared_neighbor,4,4,014c0742be227772fc6406faa73c5adb94fe22db83eb69ea0e803a0abbe04085,OCC-SEC-STAGED-0053-BORROWER-01,OCC-FAM-PILOT-0004-THIRD_PARTY-01,revision5_occurrence_rule,revision5_occurrence_rule,financial_named_occurrence_on_valid_seed_basis,financial_named_occurrence_on_valid_seed_basis,0.402994477712,5,362500,146085.498170599982
DYAD-ddb57f35baecce6e,ACT-CORNIFICIUS,ACT-DOLABELLA,surviving_candidate,1,financial_shared_neighbor,1,1,d3d50eb4518589378bc4e1430e4717f42555693ee0e4724d739bf880e6aa1a3a,OCC-ATT-PILOT-0025-BORROWER-01,OCC-ATT-PILOT-0028-BORROWER-01,revision5_occurrence_rule,revision5_occurrence_rule,financial_named_occurrence_on_valid_seed_basis,financial_named_occurrence_on_valid_seed_basis,0.492119044622,5,362500,178393.153675475012
DYAD-63dcfe61b97c516b,ACT-CORNIFICIUS,ACT-EROS,surviving_candidate,1,financial_shared_neighbor,1,1,9a0a133f3445bbba1d2a35aafddaa76a4a28211fa03d20faef00586fed392da9,OCC-ATT-PILOT-0025-BORROWER-01,OCC-ATT-PILOT-0029-THIRD_PARTY-01,revision5_occurrence_rule,revision5_occurrence_rule,financial_named_occurrence_on_valid_seed_basis,financial_named_occurrence_on_valid_seed_basis,0.526349561993,5,362500,190801.716222462506
DYAD-cf141060b0f3641a,ACT-CORNIFICIUS,ACT-FABERIUS,surviving_candidate,2,financial_shared_neighbor,2,2,8fa1141ca246a9e3a8182b46d618b4759f5784ca2895f84064ee184f4456dc77,OCC-ATT-PILOT-0025-BORROWER-01,OCC-ATT-PILOT-0026-THIRD_PARTY-03,revision5_occurrence_rule,revision5_occurrence_rule,financial_named_occurrence_on_valid_seed_basis,financial_named_occurrence_on_valid_seed_basis,0.452071906538,5,362500,163876.066120025003
DYAD-d38f33bd1dd2eed1,ACT-CORNIFICIUS,ACT-FLAMMA,surviving_candidate,1,financial_shared_neighbor,1,1,59b837451fddfc83c9a56471d5cbe828326f602f4388ee8e84aae74c5b23eae0,OCC-ATT-PILOT-0025-BORROWER-01,OCC-FAM-PILOT-0005-BORROWER-01,revision5_occurrence_rule,revision5_occurrence_rule,financial_named_occurrence_on_valid_seed_basis,financial_named_occurrence_on_valid_seed_basis,0.492119044622,5,362500,178393.153675475012
DYAD-70e2eec3e18d755c,ACT-CORNIFICIUS,ACT-HERMOGENES,surviving_candidate,1,financial_shared_neighbor,1,1,3fe4c633e54d04fe79a68e75dc88c3e6db6f940ae9ce31c79faeff1091a63f14,OCC-ATT-PILOT-0025-BORROWER-01,OCC-ATT-PILOT-0012-THIRD_PARTY-01,revision5_occurrence_rule,revision5_occurrence_rule,financial_named_occurrence_on_valid_seed_basis,financial_named_occurrence_on_valid_seed_basis,0.526349561993,5,362500,190801.716222462506
DYAD-d17588449c6ec977,ACT-CORNIFICIUS,ACT-HORTENSIUS,surviving_candidate,1,financial_shared_neighbor,1,1,b3e8db12c208eaf55f12427668527e110aa75e4c5b2dbfaaf7fb6c116d8daae2,OCC-ATT-PILOT-0025-BORROWER-01,OCC-ATT-PILOT-0029-LENDER-01,revision5_occurrence_rule,revision5_occurrence_rule,financial_named_occurrence_on_valid_seed_basis,financial_named_occurrence_on_valid_seed_basis,0.492119044622,5,362500,178393.153675475012
DYAD-ee76bf632fd60709,ACT-CORNIFICIUS,ACT-METON,surviving_candidate,1,financial_shared_neighbor,1,1,53fa0fc9feba5f74323e4cf30f76b3216e3ee9acf72b3680ba1c4e0839b0d809,OCC-ATT-PILOT-0025-BORROWER-01,OCC-ATT-PILOT-0026-THIRD_PARTY-02,revision5_occurrence_rule,revision5_occurrence_rule,financial_named_occurrence_on_valid_seed_basis,financial_named_occurrence_on_valid_seed_basis,0.526349561993,5,362500,190801.716222462506
DYAD-1a75fd31cf0ef2b0,ACT-CORNIFICIUS,ACT-OFILLIUS,surviving_candidate,1,financial_shared_neighbor,1,1,cd30a5d5d97060c0fc228ba83ef6b3a785d955e92468a57323d4d7652077621c,OCC-ATT-PILOT-0025-BORROWER-01,OCC-FAM-PILOT-0004-LENDER-01,revision5_occurrence_rule,revision5_occurrence_rule,financial_named_occurrence_on_valid_seed_basis,financial_named_occurrence_on_valid_seed_basis,0.492119044622,5,362500,178393.153675475012
DYAD-97663744eb730704,ACT-CORNIFICIUS,ACT-PATULCIUS,surviving_candidate,1,financial_shared_neighbor,1,1,e8e8914e3706dd059b6234926fb687abc3574bf7a9d1ea0a1b5bb4c82ee8d5bd,OCC-ATT-PILOT-0025-BORROWER-01,OCC-SEC-STAGED-0076-LENDER-01,revision5_occurrence_rule,revision5_occurrence_rule,financial_named_occurrence_on_valid_seed_basis,financial_named_occurrence_on_valid_seed_basis,0.492119044622,5,362500,178393.153675475012
DYAD-3e242bef35949bf1,ACT-CORNIFICIUS,ACT-PUBLILIUS,surviving_candidate,2,financial_shared_neighbor,2,2,8cc86ee528f54e18a54c185dcf755ade6dd6725d6c632459842e5c416d06ce80,OCC-ATT-PILOT-0025-BORROWER-01,OCC-ATT-PILOT-0035-LENDER-01,revision5_occurrence_rule,revision5_occurrence_rule,financial_named_occurrence_on_valid_seed_basis,financial_named_occurrence_on_valid_seed_basis,0.452071906538,5,362500,163876.066120025003
DYAD-fc6b7b89d2d8f2f0,ACT-CORNIFICIUS,ACT-SCRIBONIUS-LIBO,surviving_candidate,1,financial_shared_neighbor,1,1,b5438ad15078b841c960572eca3cda697565425cd2d55c26f63af17711e77ee7,OCC-ATT-PILOT-0025-BORROWER-01,OCC-SEC-STAGED-0038-BORROWER-01,revision5_occurrence_rule,revision5_occurrence_rule,financial_named_occurrence_on_valid_seed_basis,financial_named_occurrence_on_valid_seed_basis,0.512142613665,5,362500,185651.69745356252
DYAD-1636aa34fa985586,ACT-CORNIFICIUS,ACT-SILIUS,surviving_candidate,2,financial_shared_neighbor,2,2,412d71a55e1b2bce7aec92c10bd0d60c27275ad7b0fefd22048f5af1713a5aa1,OCC-ATT-PILOT-0025-BORROWER-01,OCC-ATT-PILOT-0011-LENDER-01,revision5_occurrence_rule,revision5_occurrence_rule,financial_named_occurrence_on_valid_seed_basis,financial_named_occurrence_on_valid_seed_basis,0.452071906538,5,362500,163876.066120025003
DYAD-fe82e170ddf3c024,ACT-CORNIFICIUS,ACT-TERENTIA,surviving_candidate,1,financial_shared_neighbor,1,1,8a7f2a0b2ace1384f2de2adb76b59eda0b1877aa4cc65a154146908b9dcb959c,OCC-ATT-PILOT-0025-BORROWER-01,OCC-ATT-PILOT-0036-LENDER-01,revision5_occurrence_rule,revision5_occurrence_rule,financial_named_occurrence_on_valid_seed_basis,financial_named_occurrence_on_valid_seed_basis,0.492119044622,5,362500,178393.153675475012
DYAD-8327d3be68cd2521,ACT-CORNIFICIUS,ACT-TIRO,surviving_candidate,4,financial_shared_neighbor,4,4,2543c21f888ec999b3810892600db6876968171c135ffc1863d637cd398f093a,OCC-ATT-PILOT-0025-BORROWER-01,OCC-FAM-PILOT-0004-THIRD_PARTY-01,revision5_occurrence_rule,revision5_occurrence_rule,financial_named_occurrence_on_valid_seed_basis,financial_named_occurrence_on_valid_seed_basis,0.367387962022,5,362500,133178.136232974997
DYAD-ffc1f355401a96cf,ACT-DOLABELLA,ACT-EROS,surviving_candidate,1,financial_shared_neighbor,1,1,4cd509077893432b8ce7716c9adf3380d48cafb6a77679354a756e1c6081707c,OCC-ATT-PILOT-0028-BORROWER-01,OCC-ATT-PILOT-0029-THIRD_PARTY-01,revision5_occurrence_rule,revision5_occurrence_rule,financial_named_occurrence_on_valid_seed_basis,financial_named_occurrence_on_valid_seed_basis,0.554788816091,5,362500,201110.945832987491
DYAD-b88a9f6f111449b1,ACT-DOLABELLA,ACT-FLAMMA,surviving_candidate,1,financial_shared_neighbor,1,1,bf55db125bad29fa567461d9e6e2db589e4aa3dcd5893ec13b765d5bc4a9ab26,OCC-ATT-PILOT-0028-BORROWER-01,OCC-FAM-PILOT-0005-BORROWER-01,revision5_occurrence_rule,revision5_occurrence_rule,financial_named_occurrence_on_valid_seed_basis,financial_named_occurrence_on_valid_seed_basis,0.518708785675,5,362500,188031.934807187499
DYAD-78d7517ee1f2ae15,ACT-DOLABELLA,ACT-HERMOGENES,surviving_candidate,1,financial_shared_neighbor,1,1,c8f55e61e1d90e94fac5ceb6e6fbd443bf2b30a1be4ba3e64a2c77b384bd0bb3,OCC-ATT-PILOT-0028-BORROWER-01,OCC-ATT-PILOT-0012-THIRD_PARTY-01,revision5_occurrence_rule,revision5_occurrence_rule,financial_named_occurrence_on_valid_seed_basis,financial_named_occurrence_on_valid_seed_basis,0.554788816091,5,362500,201110.945832987491
DYAD-a72f5285c940b9fd,ACT-DOLABELLA,ACT-HORTENSIUS,surviving_candidate,1,financial_shared_neighbor,1,1,c8abe7f2522027b3494cb07421384bc03869d10b6010c695df6eac3058bce1c6,OCC-ATT-PILOT-0028-BORROWER-01,OCC-ATT-PILOT-0029-LENDER-01,revision5_occurrence_rule,revision5_occurrence_rule,financial_named_occurrence_on_valid_seed_basis,financial_named_occurrence_on_valid_seed_basis,0.518708785675,5,362500,188031.934807187499
DYAD-d6e5ce42065d8b17,ACT-DOLABELLA,ACT-IUNIUS,surviving_candidate,1,financial_shared_neighbor,1,1,4c2ef162383388fad67c1abe0a53f117da92fbf72e32b94b03570625a9ba6b5d,OCC-ATT-PILOT-0028-BORROWER-01,OCC-ATT-PILOT-0025-LENDER-01,revision5_occurrence_rule,revision5_occurrence_rule,financial_named_occurrence_on_valid_seed_basis,financial_named_occurrence_on_valid_seed_basis,0.492119044622,5,362500,178393.153675475012
DYAD-9cb82f2686319e66,ACT-DOLABELLA,ACT-METON,surviving_candidate,1,financial_shared_neighbor,1,1,b5fed907f900b9bff5c42d855745b97eece7240b1018f5689987189e197ddaf6,OCC-ATT-PILOT-0028-BORROWER-01,OCC-ATT-PILOT-0026-THIRD_PARTY-02,revision5_occurrence_rule,revision5_occurrence_rule,financial_named_occurrence_on_valid_seed_basis,financial_named_occurrence_on_valid_seed_basis,0.554788816091,5,362500,201110.945832987491
DYAD-a0ee17f8c3cb10ca,ACT-DOLABELLA,ACT-OFILLIUS,surviving_candidate,1,financial_shared_neighbor,1,1,ac314fcdadc94bbfc2dad48461aaf00e01d745e2ead35bddc3a19d59c38f5a47,OCC-ATT-PILOT-0028-BORROWER-01,OCC-FAM-PILOT-0004-LENDER-01,revision5_occurrence_rule,revision5_occurrence_rule,financial_named_occurrence_on_valid_seed_basis,financial_named_occurrence_on_valid_seed_basis,0.518708785675,5,362500,188031.934807187499
DYAD-2e1de2abb7c32d97,ACT-DOLABELLA,ACT-PATULCIUS,surviving_candidate,1,financial_shared_neighbor,1,1,9fd831552e1e035cce6d808845a97f6e0e11680f263d0e0123bdd816371391cd,OCC-ATT-PILOT-0028-BORROWER-01,OCC-SEC-STAGED-0076-LENDER-01,revision5_occurrence_rule,revision5_occurrence_rule,financial_named_occurrence_on_valid_seed_basis,financial_named_occurrence_on_valid_seed_basis,0.518708785675,5,362500,188031.934807187499
DYAD-bf6be1b758d9bf4d,ACT-DOLABELLA,ACT-PUBLILIUS,surviving_candidate,2,financial_shared_neighbor,2,2,020879da35f3a5fb85ab796a6917e9e67852200c36d35b3de0062065153a1aa1,OCC-ATT-PILOT-0028-BORROWER-01,OCC-ATT-PILOT-0030-LENDER-01,revision5_occurrence_rule,revision5_occurrence_rule,financial_named_occurrence_on_valid_seed_basis,financial_named_occurrence_on_valid_seed_basis,0.476497856039,5,362500,172730.472814137494
DYAD-121d732cbf9236c0,ACT-DOLABELLA,ACT-SCRIBONIUS-LIBO,surviving_candidate,1,financial_shared_neighbor,1,1,823b85b54a722625dc8c2ead23e3b87a33b503de06fd128e2c4d137cf72d6038,OCC-ATT-PILOT-0028-BORROWER-01,OCC-SEC-STAGED-0038-BORROWER-01,revision5_occurrence_rule,revision5_occurrence_rule,financial_named_occurrence_on_valid_seed_basis,financial_named_occurrence_on_valid_seed_basis,0.539814250494,5,362500,195682.66580407499
DYAD-9473cf60b9e9ca82,ACT-DOLABELLA,ACT-SILIUS,surviving_candidate,2,financial_shared_neighbor,2,2,0df24a194e8180fd27fb12fbdcdc988d4f0a014251851d64d4a5f2f2da9a5846,OCC-ATT-PILOT-0028-BORROWER-01,OCC-ATT-PILOT-0011-LENDER-01,revision5_occurrence_rule,revision5_occurrence_rule,financial_named_occurrence_on_valid_seed_basis,financial_named_occurrence_on_valid_seed_basis,0.476497856039,5,362500,172730.472814137494
DYAD-07680d3274a9fe2e,ACT-DOLABELLA,ACT-TERENTIA,surviving_candidate,1,financial_shared_neighbor,1,1,e15d7686b7e1d299ce74bd3e0fee476dffed136835353d126f8c7a2e662703f3,OCC-ATT-PILOT-0028-BORROWER-01,OCC-ATT-PILOT-0036-LENDER-01,revision5_occurrence_rule,revision5_occurrence_rule,financial_named_occurrence_on_valid_seed_basis,financial_named_occurrence_on_valid_seed_basis,0.518708785675,5,362500,188031.934807187499
DYAD-a268442640fe9b55,ACT-DOLABELLA,ACT-TIRO,surviving_candidate,4,financial_shared_neighbor,4,4,4415a7f94282ac0b2dc49046150bf1c788bc9478ad899449d7c6f9e76ad78586,OCC-ATT-PILOT-0028-BORROWER-01,OCC-ATT-PILOT-0026-THIRD_PARTY-01,revision5_occurrence_rule,revision5_occurrence_rule,financial_named_occurrence_on_valid_seed_basis,financial_named_occurrence_on_valid_seed_basis,0.387238343516,5,362500,140373.899524550012
DYAD-11414e4432290c84,ACT-EROS,ACT-FABERIUS,surviving_candidate,2,financial_shared_neighbor,2,2,231e154dd473fce5d5fdaa8dde73067d58a6fdb6985aa81c278b09d07a394c33,OCC-ATT-PILOT-0029-THIRD_PARTY-01,OCC-ATT-PILOT-0028-THIRD_PARTY-01,revision5_occurrence_rule,revision5_occurrence_rule,financial_named_occurrence_on_valid_seed_basis,financial_named_occurrence_on_valid_seed_basis,0.509641804269,5,362500,184745.154047512478
DYAD-fa1ac1bd83d74342,ACT-EROS,ACT-FLAMMA,surviving_candidate,1,financial_shared_neighbor,1,1,5137bfef3ca2fe872bb9832ccd74f06dbc2a88cf0d4200d031d3ad05a4f09bdc,OCC-ATT-PILOT-0029-THIRD_PARTY-01,OCC-FAM-PILOT-0005-BORROWER-01,revision5_occurrence_rule,revision5_occurrence_rule,financial_named_occurrence_on_valid_seed_basis,financial_named_occurrence_on_valid_seed_basis,0.554788816091,5,362500,201110.945832987491
DYAD-50e1e41cc6c8b9da,ACT-EROS,ACT-HERMOGENES,surviving_candidate,1,financial_shared_neighbor,1,1,83563b72c147271737b4a38adfaf719bf2b9d2d7d118e339c4127d00e73e1b6e,OCC-ATT-PILOT-0029-THIRD_PARTY-01,OCC-ATT-PILOT-0012-THIRD_PARTY-01,revision5_occurrence_rule,revision5_occurrence_rule,financial_named_occurrence_on_valid_seed_basis,financial_named_occurrence_on_valid_seed_basis,0.593378479332,5,362500,215099.698757850012
DYAD-861facf7c293c4a8,ACT-EROS,ACT-IUNIUS,surviving_candidate,1,financial_shared_neighbor,1,1,0e66234e77f5cf9874f36d1151898827544015eaa4b1b92a3a1e3d06cae78328,OCC-ATT-PILOT-0029-THIRD_PARTY-01,OCC-ATT-PILOT-0025-LENDER-01,revision5_occurrence_rule,revision5_occurrence_rule,financial_named_occurrence_on_valid_seed_basis,financial_named_occurrence_on_valid_seed_basis,0.526349561993,5,362500,190801.716222462506
DYAD-b390b8c34812e0fd,ACT-EROS,ACT-METON,surviving_candidate,1,financial_shared_neighbor,1,1,66edfc5fef4f03fd4e127f25153c4e0abac477a6fced423dd33a77621c8300b1,OCC-ATT-PILOT-0029-THIRD_PARTY-01,OCC-ATT-PILOT-0026-THIRD_PARTY-02,revision5_occurrence_rule,revision5_occurrence_rule,financial_named_occurrence_on_valid_seed_basis,financial_named_occurrence_on_valid_seed_basis,0.593378479332,5,362500,215099.698757850012
DYAD-b862fd1a6527688b,ACT-EROS,ACT-OFILLIUS,surviving_candidate,1,financial_shared_neighbor,1,1,a49c280c357153d697b6feb4c949131935cbbbdad0c0510fcee080c601379c1d,OCC-ATT-PILOT-0029-THIRD_PARTY-01,OCC-FAM-PILOT-0004-LENDER-01,revision5_occurrence_rule,revision5_occurrence_rule,financial_named_occurrence_on_valid_seed_basis,financial_named_occurrence_on_valid_seed_basis,0.554788816091,5,362500,201110.945832987491
DYAD-a711243e2b11450c,ACT-EROS,ACT-PATULCIUS,surviving_candidate,1,financial_shared_neighbor,1,1,331028bb6df76c9a3825dcae876697f3f24c7414546ce6a0e72377194c24544d,OCC-ATT-PILOT-0029-THIRD_PARTY-01,OCC-SEC-STAGED-0076-LENDER-01,revision5_occurrence_rule,revision5_occurrence_rule,financial_named_occurrence_on_valid_seed_basis,financial_named_occurrence_on_valid_seed_basis,0.554788816091,5,362500,201110.945832987491
DYAD-d5d8e0bba2676fbf,ACT-EROS,ACT-PUBLILIUS,surviving_candidate,2,financial_shared_neighbor,2,2,1295ec8843d72018d7975ed451bbe3013e16967c0d9eab62e61ed2935ca0b803,OCC-ATT-PILOT-0029-THIRD_PARTY-01,OCC-ATT-PILOT-0035-LENDER-01,revision5_occurrence_rule,revision5_occurrence_rule,financial_named_occurrence_on_valid_seed_basis,financial_named_occurrence_on_valid_seed_basis,0.509641804269,5,362500,184745.154047512478
DYAD-a1d4cf35bd478916,ACT-EROS,ACT-SCRIBONIUS-LIBO,surviving_candidate,1,financial_shared_neighbor,1,1,36902bd644d9a9bdc742b9e3197ec129d3ea839a579befaa04ed50382135d320,OCC-ATT-PILOT-0029-THIRD_PARTY-01,OCC-SEC-STAGED-0038-BORROWER-01,revision5_occurrence_rule,revision5_occurrence_rule,financial_named_occurrence_on_valid_seed_basis,financial_named_occurrence_on_valid_seed_basis,0.577362322003,5,362500,209293.841726087499
DYAD-e3a9803acfc8d5c0,ACT-EROS,ACT-SILIUS,surviving_candidate,2,financial_shared_neighbor,2,2,a54d50eaeb8515f6b6d628ab1107cd2635d40db37a82bd8d4ee0b3e22528ddaa,OCC-ATT-PILOT-0029-THIRD_PARTY-01,OCC-ATT-PILOT-0012-LENDER-01,revision5_occurrence_rule,revision5_occurrence_rule,financial_named_occurrence_on_valid_seed_basis,financial_named_occurrence_on_valid_seed_basis,0.509641804269,5,362500,184745.154047512478
DYAD-7541f146f07872f9,ACT-EROS,ACT-TERENTIA,surviving_candidate,1,financial_shared_neighbor,1,1,6908fca204b606bc1966a25a2f45c7a5be4783f7a2e42e93d97e79b20b61132d,OCC-ATT-PILOT-0029-THIRD_PARTY-01,OCC-ATT-PILOT-0036-LENDER-01,revision5_occurrence_rule,revision5_occurrence_rule,financial_named_occurrence_on_valid_seed_basis,financial_named_occurrence_on_valid_seed_basis,0.554788816091,5,362500,201110.945832987491
DYAD-2820dae592ddc27c,ACT-EROS,ACT-TIRO,surviving_candidate,4,financial_shared_neighbor,4,4,1c6dcbbafea44832524c4d0a8dc3206301902d889ea203d6cc53098aa1921630,OCC-ATT-PILOT-0029-THIRD_PARTY-01,OCC-ATT-PILOT-0014-THIRD_PARTY-01,revision5_occurrence_rule,revision5_occurrence_rule,financial_named_occurrence_on_valid_seed_basis,financial_named_occurrence_on_valid_seed_basis,0.414173632831,5,362500,150137.9419012375
DYAD-ac9a73fb9b6b0619,ACT-FABERIUS,ACT-FLAMMA,surviving_candidate,2,financial_shared_neighbor,2,2,ac0c108bb498d0dd762812ef56038518d9919a36b1e148ce1cecfc2afa6c87f9,OCC-ATT-PILOT-0028-THIRD_PARTY-01,OCC-FAM-PILOT-0005-BORROWER-01,revision5_occurrence_rule,revision5_occurrence_rule,financial_named_occurrence_on_valid_seed_basis,financial_named_occurrence_on_valid_seed_basis,0.476497856039,5,362500,172730.472814137494
DYAD-8cfba513377bbc6c,ACT-FABERIUS,ACT-HERMOGENES,surviving_candidate,2,financial_shared_neighbor,2,2,a1b7a7d0844639669ca69f7ed2b5b8b2bc848986af3e1876b260ae37653965c1,OCC-ATT-PILOT-0026-THIRD_PARTY-03,OCC-ATT-PILOT-0012-THIRD_PARTY-01,revision5_occurrence_rule,revision5_occurrence_rule,financial_named_occurrence_on_valid_seed_basis,financial_named_occurrence_on_valid_seed_basis,0.509641804269,5,362500,184745.154047512478
DYAD-7512b052d0f1756d,ACT-FABERIUS,ACT-HORTENSIUS,surviving_candidate,2,financial_shared_neighbor,2,2,5cf91ce96515f1da463197ccab54dfa5336dcd53a46661d384df4042fbb945c0,OCC-ATT-PILOT-0026-THIRD_PARTY-03,OCC-ATT-PILOT-0029-LENDER-01,revision5_occurrence_rule,revision5_occurrence_rule,financial_named_occurrence_on_valid_seed_basis,financial_named_occurrence_on_valid_seed_basis,0.476497856039,5,362500,172730.472814137494
DYAD-e801314a7994df48,ACT-FABERIUS,ACT-IUNIUS,surviving_candidate,2,financial_shared_neighbor,2,2,9103bc544a2e3d77ec45893e3e58e02eafd2e2cd37fc9b50fb30403f45c7b6cb,OCC-ATT-PILOT-0026-THIRD_PARTY-03,OCC-ATT-PILOT-0025-LENDER-01,revision5_occurrence_rule,revision5_occurrence_rule,financial_named_occurrence_on_valid_seed_basis,financial_named_occurrence_on_valid_seed_basis,0.452071906538,5,362500,163876.066120025003
DYAD-5801845aedd89e3a,ACT-FABERIUS,ACT-METON,surviving_candidate,4,financial_shared_neighbor;within_component,4,4,69b99d33549f4c3fe30529bd4144cb811448fb35eed6b1c1a1bf73a2c0ea933c,OCC-ATT-PILOT-0028-THIRD_PARTY-01,OCC-ATT-PILOT-0026-THIRD_PARTY-02,revision5_occurrence_rule,revision5_occurrence_rule,financial_named_occurrence_on_valid_seed_basis,financial_named_occurrence_on_valid_seed_basis,0.509641804269,5,362500,184745.154047512478
DYAD-e8eaafd48382a1d9,ACT-FABERIUS,ACT-OFILLIUS,surviving_candidate,2,financial_shared_neighbor,2,2,442cd6eb052068b7723cfa0fb15de67c9ad3f974485e4fa80379eefd1d9ce1ca,OCC-ATT-PILOT-0026-THIRD_PARTY-03,OCC-FAM-PILOT-0004-LENDER-01,revision5_occurrence_rule,revision5_occurrence_rule,financial_named_occurrence_on_valid_seed_basis,financial_named_occurrence_on_valid_seed_basis,0.476497856039,5,362500,172730.472814137494
DYAD-d8fca21725c976be,ACT-FABERIUS,ACT-PATULCIUS,surviving_candidate,2,financial_shared_neighbor,2,2,68811f7fa44cd92f533ae98d6744f2e7f6c3d0a4d357da752dce4ab365522d21,OCC-ATT-PILOT-0028-THIRD_PARTY-01,OCC-SEC-STAGED-0076-LENDER-01,revision5_occurrence_rule,revision5_occurrence_rule,financial_named_occurrence_on_valid_seed_basis,financial_named_occurrence_on_valid_seed_basis,0.476497856039,5,362500,172730.472814137494
DYAD-024c565226ec0cb1,ACT-FABERIUS,ACT-PUBLILIUS,surviving_candidate,4,financial_shared_neighbor,4,4,a1d26ac8327b17726ddaca589c23cb3d6da90f9ecc3498afa453e4b2c83a8848,OCC-ATT-PILOT-0026-THIRD_PARTY-03,OCC-ATT-PILOT-0035-LENDER-01,revision5_occurrence_rule,revision5_occurrence_rule,financial_named_occurrence_on_valid_seed_basis,financial_named_occurrence_on_valid_seed_basis,0.437721922358,5,362500,158674.196854775015
DYAD-89ad42a0c2b1bde2,ACT-FABERIUS,ACT-SCRIBONIUS-LIBO,surviving_candidate,2,financial_shared_neighbor,2,2,1d51ff969f721c6f64e27ef6a7c035469da19049a8123028c2328125180fdcce,OCC-ATT-PILOT-0028-THIRD_PARTY-01,OCC-SEC-STAGED-0038-BORROWER-01,revision5_occurrence_rule,revision5_occurrence_rule,financial_named_occurrence_on_valid_seed_basis,financial_named_occurrence_on_valid_seed_basis,0.49588582288,5,362500,179758.610794000007
DYAD-575ebada01f0de7d,ACT-FABERIUS,ACT-SILIUS,surviving_candidate,4,financial_shared_neighbor,4,4,0d9557d3765c346e5abcd98b7db83d12be1a79845a91d265ef6481f408356538,OCC-ATT-PILOT-0028-THIRD_PARTY-01,OCC-ATT-PILOT-0012-LENDER-01,revision5_occurrence_rule,revision5_occurrence_rule,financial_named_occurrence_on_valid_seed_basis,financial_named_occurrence_on_valid_seed_basis,0.437721922358,5,362500,158674.196854775015
DYAD-ebd304c7f0080fd3,ACT-FABERIUS,ACT-TERENTIA,surviving_candidate,2,financial_shared_neighbor,2,2,9b454af906162b1e3250aba00d2368e96cb6ca04dfab47919a9c2570ee9e3f3d,OCC-ATT-PILOT-0028-THIRD_PARTY-01,OCC-ATT-PILOT-0036-LENDER-01,revision5_occurrence_rule,revision5_occurrence_rule,financial_named_occurrence_on_valid_seed_basis,financial_named_occurrence_on_valid_seed_basis,0.476497856039,5,362500,172730.472814137494
DYAD-0a86a9e0974f86c9,ACT-FABERIUS,ACT-TIRO,surviving_candidate,10,financial_shared_neighbor;within_component,10,10,0c75ac7ea0d83b1420983aa91b0f035f79abc7425cc785d5f8c41e1e21ac9030,OCC-ATT-PILOT-0026-THIRD_PARTY-03,OCC-ATT-PILOT-0014-THIRD_PARTY-01,revision5_occurrence_rule,revision5_occurrence_rule,financial_named_occurrence_on_valid_seed_basis,financial_named_occurrence_on_valid_seed_basis,0.355726075126,5,362500,128950.702233175005
DYAD-a447301ba85bf055,ACT-FLAMMA,ACT-HERMOGENES,surviving_candidate,1,financial_shared_neighbor,1,1,d46fc8e783b111f5aa2072e8d50d2882f500100c0349522afa205cf25f090eb7,OCC-FAM-PILOT-0005-BORROWER-01,OCC-ATT-PILOT-0012-THIRD_PARTY-01,revision5_occurrence_rule,revision5_occurrence_rule,financial_named_occurrence_on_valid_seed_basis,financial_named_occurrence_on_valid_seed_basis,0.554788816091,5,362500,201110.945832987491
DYAD-6f092f10e9de84cb,ACT-FLAMMA,ACT-HORTENSIUS,surviving_candidate,1,financial_shared_neighbor,1,1,32fda07a4d09309e25cceff2c7fadaa955f4f5725788a663159aa2fdd053885a,OCC-FAM-PILOT-0005-BORROWER-01,OCC-ATT-PILOT-0029-LENDER-01,revision5_occurrence_rule,revision5_occurrence_rule,financial_named_occurrence_on_valid_seed_basis,financial_named_occurrence_on_valid_seed_basis,0.518708785675,5,362500,188031.934807187499
DYAD-5b8f30e10e76acf3,ACT-FLAMMA,ACT-IUNIUS,surviving_candidate,1,financial_shared_neighbor,1,1,7ae81be1a8de27e5a627d49b3ccbd6b9b3b56dfc8dc61da52db717d8a87663d3,OCC-FAM-PILOT-0005-BORROWER-01,OCC-ATT-PILOT-0025-LENDER-01,revision5_occurrence_rule,revision5_occurrence_rule,financial_named_occurrence_on_valid_seed_basis,financial_named_occurrence_on_valid_seed_basis,0.492119044622,5,362500,178393.153675475012
DYAD-4024ed1c376d8ede,ACT-FLAMMA,ACT-METON,surviving_candidate,1,financial_shared_neighbor,1,1,b86ec69d4716c205a515271f48a8daae6c8916346d4c4ff1e678916cf75d8725,OCC-FAM-PILOT-0005-BORROWER-01,OCC-ATT-PILOT-0026-THIRD_PARTY-02,revision5_occurrence_rule,revision5_occurrence_rule,financial_named_occurrence_on_valid_seed_basis,financial_named_occurrence_on_valid_seed_basis,0.554788816091,5,362500,201110.945832987491
DYAD-5cc393e3162760c1,ACT-FLAMMA,ACT-OFILLIUS,surviving_candidate,2,financial_shared_neighbor,2,2,8a2afa7c8c1913d94fb50339ee40825e2cacf85a671faec9bde3282f2938eb20,OCC-FAM-PILOT-0005-BORROWER-01,OCC-FAM-PILOT-0004-LENDER-01,revision5_occurrence_rule,revision5_occurrence_rule,financial_named_occurrence_on_valid_seed_basis,financial_named_occurrence_on_valid_seed_basis,0.518708785675,5,362500,188031.934807187499
DYAD-0725240d7218bd3f,ACT-FLAMMA,ACT-PATULCIUS,surviving_candidate,1,financial_shared_neighbor,1,1,1d48d37c46b69aa9e8faf53db38c2f99f5869d9416aed56c2ee7e4a9733502bf,OCC-FAM-PILOT-0005-BORROWER-01,OCC-SEC-STAGED-0076-LENDER-01,revision5_occurrence_rule,revision5_occurrence_rule,financial_named_occurrence_on_valid_seed_basis,financial_named_occurrence_on_valid_seed_basis,0.518708785675,5,362500,188031.934807187499
DYAD-1cd9c56584ae7535,ACT-FLAMMA,ACT-PUBLILIUS,surviving_candidate,2,financial_shared_neighbor,2,2,30c024b6f4cbc2f1d3daf75629a9051e0fe58c729e27fad4697487bf3d768cfc,OCC-FAM-PILOT-0005-BORROWER-01,OCC-ATT-PILOT-0035-LENDER-01,revision5_occurrence_rule,revision5_occurrence_rule,financial_named_occurrence_on_valid_seed_basis,financial_named_occurrence_on_valid_seed_basis,0.476497856039,5,362500,172730.472814137494
DYAD-1a72516de24d248f,ACT-FLAMMA,ACT-SCRIBONIUS-LIBO,surviving_candidate,1,financial_shared_neighbor,1,1,45ecfb5f37b202fcba9a58d563e4465e9b46b09af7690f1bc7599452b6dbf994,OCC-FAM-PILOT-0005-BORROWER-01,OCC-SEC-STAGED-0038-BORROWER-01,revision5_occurrence_rule,revision5_occurrence_rule,financial_named_occurrence_on_valid_seed_basis,financial_named_occurrence_on_valid_seed_basis,0.539814250494,5,362500,195682.66580407499
DYAD-965c5a6386f5ae1c,ACT-FLAMMA,ACT-SILIUS,surviving_candidate,2,financial_shared_neighbor,2,2,0ad9ec4a18c1e27b51580a6cd07c5ab1163ea3a4fd06dbd4c6f4c5aea7027f30,OCC-FAM-PILOT-0005-BORROWER-01,OCC-ATT-PILOT-0012-LENDER-01,revision5_occurrence_rule,revision5_occurrence_rule,financial_named_occurrence_on_valid_seed_basis,financial_named_occurrence_on_valid_seed_basis,0.476497856039,5,362500,172730.472814137494
DYAD-410ab51e94a82714,ACT-FLAMMA,ACT-TERENTIA,surviving_candidate,1,financial_shared_neighbor,1,1,6df8d9854a16e50d10cf9727e783071cf04b0625b1811c122185defaef9bf104,OCC-FAM-PILOT-0005-BORROWER-01,OCC-ATT-PILOT-0036-LENDER-01,revision5_occurrence_rule,revision5_occurrence_rule,financial_named_occurrence_on_valid_seed_basis,financial_named_occurrence_on_valid_seed_basis,0.518708785675,5,362500,188031.934807187499
DYAD-d7f41a41e0451b10,ACT-HERMOGENES,ACT-HORTENSIUS,surviving_candidate,1,financial_shared_neighbor,1,1,8bbdb50d8495052715079a058b40b87139143f46d7e9c0363ae9a4d491633a79,OCC-ATT-PILOT-0012-THIRD_PARTY-01,OCC-ATT-PILOT-0029-LENDER-01,revision5_occurrence_rule,revision5_occurrence_rule,financial_named_occurrence_on_valid_seed_basis,financial_named_occurrence_on_valid_seed_basis,0.554788816091,5,362500,201110.945832987491
DYAD-b309c84e49e7b0c0,ACT-HERMOGENES,ACT-IUNIUS,surviving_candidate,1,financial_shared_neighbor,1,1,7755d0c1f216a31a27e04932e5ce867323ff6abd1cb9dd7e3b01296893634691,OCC-ATT-PILOT-0012-THIRD_PARTY-01,OCC-ATT-PILOT-0025-LENDER-01,revision5_occurrence_rule,revision5_occurrence_rule,financial_named_occurrence_on_valid_seed_basis,financial_named_occurrence_on_valid_seed_basis,0.526349561993,5,362500,190801.716222462506
DYAD-1b0d8f95073a0ae9,ACT-HERMOGENES,ACT-METON,surviving_candidate,1,financial_shared_neighbor,1,1,7f99cc353d4700530ab35b65e7d1815661b9603c9678e3287c6d90eff71c41cd,OCC-ATT-PILOT-0012-THIRD_PARTY-01,OCC-ATT-PILOT-0026-THIRD_PARTY-02,revision5_occurrence_rule,revision5_occurrence_rule,financial_named_occurrence_on_valid_seed_basis,financial_named_occurrence_on_valid_seed_basis,0.593378479332,5,362500,215099.698757850012
DYAD-cda8bfd5420b902d,ACT-HERMOGENES,ACT-OFILLIUS,surviving_candidate,1,financial_shared_neighbor,1,1,cbf34e15e56e818a444467ace58726135e8b9fcf6cc0d008ce15ec1264334644,OCC-ATT-PILOT-0012-THIRD_PARTY-01,OCC-FAM-PILOT-0004-LENDER-01,revision5_occurrence_rule,revision5_occurrence_rule,financial_named_occurrence_on_valid_seed_basis,financial_named_occurrence_on_valid_seed_basis,0.554788816091,5,362500,201110.945832987491
DYAD-a55c7c2d67af5fd1,ACT-HERMOGENES,ACT-PATULCIUS,surviving_candidate,1,financial_shared_neighbor,1,1,649484b291a17d8765057eea219734a8da75a8be0e08db3b20bea9596b7c3ba8,OCC-ATT-PILOT-0012-THIRD_PARTY-01,OCC-SEC-STAGED-0076-LENDER-01,revision5_occurrence_rule,revision5_occurrence_rule,financial_named_occurrence_on_valid_seed_basis,financial_named_occurrence_on_valid_seed_basis,0.554788816091,5,362500,201110.945832987491
DYAD-863b8b4d0a46e052,ACT-HERMOGENES,ACT-PUBLILIUS,surviving_candidate,2,financial_shared_neighbor,2,2,35648413b7b10717c99591817cae339cc4a8b16a4eb1dfb024f5ff6a83ad50b4,OCC-ATT-PILOT-0012-THIRD_PARTY-01,OCC-ATT-PILOT-0030-LENDER-01,revision5_occurrence_rule,revision5_occurrence_rule,financial_named_occurrence_on_valid_seed_basis,financial_named_occurrence_on_valid_seed_basis,0.509641804269,5,362500,184745.154047512478
DYAD-033136935de84b63,ACT-HERMOGENES,ACT-SCRIBONIUS-LIBO,surviving_candidate,1,financial_shared_neighbor,1,1,0c46aac9b3cd9e3a21deeeee69c7b6f862ab6c01878ec6eaead7b38b61e3ebb3,OCC-ATT-PILOT-0012-THIRD_PARTY-01,OCC-SEC-STAGED-0038-BORROWER-01,revision5_occurrence_rule,revision5_occurrence_rule,financial_named_occurrence_on_valid_seed_basis,financial_named_occurrence_on_valid_seed_basis,0.577362322003,5,362500,209293.841726087499
DYAD-7040629f87fe8a79,ACT-HERMOGENES,ACT-TERENTIA,surviving_candidate,1,financial_shared_neighbor,1,1,15d8339d6d22af60b663a55241de445f97549314a9a10227f0b795fd33bb2948,OCC-ATT-PILOT-0012-THIRD_PARTY-01,OCC-ATT-PILOT-0036-LENDER-01,revision5_occurrence_rule,revision5_occurrence_rule,financial_named_occurrence_on_valid_seed_basis,financial_named_occurrence_on_valid_seed_basis,0.554788816091,5,362500,201110.945832987491
DYAD-9351361744d87d90,ACT-HERMOGENES,ACT-TIRO,surviving_candidate,4,financial_shared_neighbor,4,4,519179f57bf8212105c55acee916480f73d77e7b060a17c7433d0cbe0cee231b,OCC-ATT-PILOT-0012-THIRD_PARTY-01,OCC-ATT-PILOT-0026-THIRD_PARTY-01,revision5_occurrence_rule,revision5_occurrence_rule,financial_named_occurrence_on_valid_seed_basis,financial_named_occurrence_on_valid_seed_basis,0.414173632831,5,362500,150137.9419012375
DYAD-3ab77bb347126fbe,ACT-HORTENSIUS,ACT-IUNIUS,surviving_candidate,1,financial_shared_neighbor,1,1,d3b00a8932dbef6030ed31766cbad720bfed7187602486201d597a2fbbc16184,OCC-ATT-PILOT-0029-LENDER-01,OCC-ATT-PILOT-0025-LENDER-01,revision5_occurrence_rule,revision5_occurrence_rule,financial_named_occurrence_on_valid_seed_basis,financial_named_occurrence_on_valid_seed_basis,0.492119044622,5,362500,178393.153675475012
DYAD-d611164ca139341a,ACT-HORTENSIUS,ACT-METON,surviving_candidate,1,financial_shared_neighbor,1,1,f4ad3e04fcce6bda3d30db2012f668b6e5867528276c743ed8fd24198d2dd3ca,OCC-ATT-PILOT-0029-LENDER-01,OCC-ATT-PILOT-0026-THIRD_PARTY-02,revision5_occurrence_rule,revision5_occurrence_rule,financial_named_occurrence_on_valid_seed_basis,financial_named_occurrence_on_valid_seed_basis,0.554788816091,5,362500,201110.945832987491
DYAD-17e3b544bc0b708e,ACT-HORTENSIUS,ACT-OFILLIUS,surviving_candidate,1,financial_shared_neighbor,1,1,1c8b53730de63aea34bb0e5fa3bcf95630d6256a67b6463019c6544f121a2c3d,OCC-ATT-PILOT-0029-LENDER-01,OCC-FAM-PILOT-0004-LENDER-01,revision5_occurrence_rule,revision5_occurrence_rule,financial_named_occurrence_on_valid_seed_basis,financial_named_occurrence_on_valid_seed_basis,0.518708785675,5,362500,188031.934807187499
DYAD-6daf1472398daff3,ACT-HORTENSIUS,ACT-PATULCIUS,surviving_candidate,1,financial_shared_neighbor,1,1,a6076d72d9b895d3ce8ac91ea168c8d18487ebd779c8114feb1dad174ca10073,OCC-ATT-PILOT-0029-LENDER-01,OCC-SEC-STAGED-0076-LENDER-01,revision5_occurrence_rule,revision5_occurrence_rule,financial_named_occurrence_on_valid_seed_basis,financial_named_occurrence_on_valid_seed_basis,0.518708785675,5,362500,188031.934807187499
DYAD-1e74771666d52ef1,ACT-HORTENSIUS,ACT-PUBLILIUS,surviving_candidate,2,financial_shared_neighbor,2,2,48bc6288ee75f0ae9fc2f79ee1aaa2024121c509d2349abb4c4a4d6a5bc5404b,OCC-ATT-PILOT-0029-LENDER-01,OCC-ATT-PILOT-0030-LENDER-01,revision5_occurrence_rule,revision5_occurrence_rule,financial_named_occurrence_on_valid_seed_basis,financial_named_occurrence_on_valid_seed_basis,0.476497856039,5,362500,172730.472814137494
DYAD-b023f3c919d8801d,ACT-HORTENSIUS,ACT-SCRIBONIUS-LIBO,surviving_candidate,1,financial_shared_neighbor,1,1,fde0d142a148b834bae45dc632a90d134dbaf1730534b98ebd2ad8853720a86e,OCC-ATT-PILOT-0029-LENDER-01,OCC-SEC-STAGED-0038-BORROWER-01,revision5_occurrence_rule,revision5_occurrence_rule,financial_named_occurrence_on_valid_seed_basis,financial_named_occurrence_on_valid_seed_basis,0.539814250494,5,362500,195682.66580407499
DYAD-ff7d8e947c7b4e1e,ACT-HORTENSIUS,ACT-SILIUS,surviving_candidate,2,financial_shared_neighbor,2,2,29eb28d48aa6b9faf1616db8161facbd227f7faf6df021ebaf374c7adc34fbd0,OCC-ATT-PILOT-0029-LENDER-01,OCC-ATT-PILOT-0012-LENDER-01,revision5_occurrence_rule,revision5_occurrence_rule,financial_named_occurrence_on_valid_seed_basis,financial_named_occurrence_on_valid_seed_basis,0.476497856039,5,362500,172730.472814137494
DYAD-b8cf36856d264262,ACT-HORTENSIUS,ACT-TERENTIA,surviving_candidate,1,financial_shared_neighbor,1,1,035e871f8030a955987174b281bc8ce6abbd0fb0c68680e81aeb8e96ed9174dc,OCC-ATT-PILOT-0029-LENDER-01,OCC-ATT-PILOT-0036-LENDER-01,revision5_occurrence_rule,revision5_occurrence_rule,financial_named_occurrence_on_valid_seed_basis,financial_named_occurrence_on_valid_seed_basis,0.518708785675,5,362500,188031.934807187499
DYAD-56e3c2b8ae6676f5,ACT-HORTENSIUS,ACT-TIRO,surviving_candidate,4,financial_shared_neighbor,4,4,2418fd9fd064c13d6b237cba9396c47c0cf5250c1081c3d735b9a235b8fc1ded,OCC-ATT-PILOT-0029-LENDER-01,OCC-ATT-PILOT-0014-THIRD_PARTY-01,revision5_occurrence_rule,revision5_occurrence_rule,financial_named_occurrence_on_valid_seed_basis,financial_named_occurrence_on_valid_seed_basis,0.387238343516,5,362500,140373.899524550012
DYAD-84fa9d47a9da1876,ACT-IUNIUS,ACT-METON,surviving_candidate,1,financial_shared_neighbor,1,1,1914a5679324932f22b6946366ba45eaf6f4149dd1a9058f608f5589d050d7d0,OCC-ATT-PILOT-0025-LENDER-01,OCC-ATT-PILOT-0026-THIRD_PARTY-02,revision5_occurrence_rule,revision5_occurrence_rule,financial_named_occurrence_on_valid_seed_basis,financial_named_occurrence_on_valid_seed_basis,0.526349561993,5,362500,190801.716222462506
DYAD-10916d464f484da2,ACT-IUNIUS,ACT-OFILLIUS,surviving_candidate,1,financial_shared_neighbor,1,1,2d54a0842607981f13d4bd0d6f166f06e09dfbd059a7135b07f10eef3ed7d979,OCC-ATT-PILOT-0025-LENDER-01,OCC-FAM-PILOT-0004-LENDER-01,revision5_occurrence_rule,revision5_occurrence_rule,financial_named_occurrence_on_valid_seed_basis,financial_named_occurrence_on_valid_seed_basis,0.492119044622,5,362500,178393.153675475012
DYAD-1be2241ea867d5fb,ACT-IUNIUS,ACT-PATULCIUS,surviving_candidate,1,financial_shared_neighbor,1,1,219ccd1f69fca1ed88b234bc2203019ba889b08e103d119b039aa853e1c72bae,OCC-ATT-PILOT-0025-LENDER-01,OCC-SEC-STAGED-0076-LENDER-01,revision5_occurrence_rule,revision5_occurrence_rule,financial_named_occurrence_on_valid_seed_basis,financial_named_occurrence_on_valid_seed_basis,0.492119044622,5,362500,178393.153675475012
DYAD-30bd5cdc059315df,ACT-IUNIUS,ACT-PUBLILIUS,surviving_candidate,2,financial_shared_neighbor,2,2,1de8213ede1459836a62f66f87c6d862f046bd84d607f11e8163e30ebe10e5eb,OCC-ATT-PILOT-0025-LENDER-01,OCC-ATT-PILOT-0035-LENDER-01,revision5_occurrence_rule,revision5_occurrence_rule,financial_named_occurrence_on_valid_seed_basis,financial_named_occurrence_on_valid_seed_basis,0.452071906538,5,362500,163876.066120025003
DYAD-0879550f7c20f826,ACT-IUNIUS,ACT-SCRIBONIUS-LIBO,surviving_candidate,1,financial_shared_neighbor,1,1,81134a308d7970bbd6fc795725f9219b89bdb0d5655e35dd8a29de24ce5141c5,OCC-ATT-PILOT-0025-LENDER-01,OCC-SEC-STAGED-0038-BORROWER-01,revision5_occurrence_rule,revision5_occurrence_rule,financial_named_occurrence_on_valid_seed_basis,financial_named_occurrence_on_valid_seed_basis,0.512142613665,5,362500,185651.69745356252
DYAD-86893005eef5a43b,ACT-IUNIUS,ACT-SILIUS,surviving_candidate,2,financial_shared_neighbor,2,2,26cbd8b04d3b650925749208b89ba978037d13d1ab8203adf1921447eeefeddf,OCC-ATT-PILOT-0025-LENDER-01,OCC-ATT-PILOT-0012-LENDER-01,revision5_occurrence_rule,revision5_occurrence_rule,financial_named_occurrence_on_valid_seed_basis,financial_named_occurrence_on_valid_seed_basis,0.452071906538,5,362500,163876.066120025003
DYAD-b85b785f62200803,ACT-IUNIUS,ACT-TERENTIA,surviving_candidate,1,financial_shared_neighbor,1,1,c583241e325338d41bdf3822b8dd07a3af9dd1a40466d10be37639d55e4a8fbb,OCC-ATT-PILOT-0025-LENDER-01,OCC-ATT-PILOT-0036-LENDER-01,revision5_occurrence_rule,revision5_occurrence_rule,financial_named_occurrence_on_valid_seed_basis,financial_named_occurrence_on_valid_seed_basis,0.492119044622,5,362500,178393.153675475012
DYAD-494e154e49a4987f,ACT-IUNIUS,ACT-TIRO,surviving_candidate,4,financial_shared_neighbor,4,4,1d0df73aaaa538f13289e62d8276f9da088ae2bba8c79d9499836f68ed9d30d0,OCC-ATT-PILOT-0025-LENDER-01,OCC-FAM-PILOT-0005-THIRD_PARTY-01,revision5_occurrence_rule,revision5_occurrence_rule,financial_named_occurrence_on_valid_seed_basis,financial_named_occurrence_on_valid_seed_basis,0.367387962022,5,362500,133178.136232974997
DYAD-fb693d56b28841f5,ACT-METON,ACT-OFILLIUS,surviving_candidate,1,financial_shared_neighbor,1,1,667ee333fb4c9d3d8c0087d92413ecf849c89f379f4ff64e425dacb50970e5c8,OCC-ATT-PILOT-0026-THIRD_PARTY-02,OCC-FAM-PILOT-0004-LENDER-01,revision5_occurrence_rule,revision5_occurrence_rule,financial_named_occurrence_on_valid_seed_basis,financial_named_occurrence_on_valid_seed_basis,0.554788816091,5,362500,201110.945832987491
DYAD-f3f1891115096029,ACT-METON,ACT-PATULCIUS,surviving_candidate,1,financial_shared_neighbor,1,1,85072e2473ecae99c66b0da038810e8ae0e1c568dd7de17ae5225e7273ecaa29,OCC-ATT-PILOT-0026-THIRD_PARTY-02,OCC-SEC-STAGED-0076-LENDER-01,revision5_occurrence_rule,revision5_occurrence_rule,financial_named_occurrence_on_valid_seed_basis,financial_named_occurrence_on_valid_seed_basis,0.554788816091,5,362500,201110.945832987491
DYAD-6842c9ad3be050e4,ACT-METON,ACT-PUBLILIUS,surviving_candidate,2,financial_shared_neighbor,2,2,84586a9ad0284e2cfd3fd2752e5067d223fb9ad65dbe98d8c041e8c85a7debab,OCC-ATT-PILOT-0026-THIRD_PARTY-02,OCC-ATT-PILOT-0030-LENDER-01,revision5_occurrence_rule,revision5_occurrence_rule,financial_named_occurrence_on_valid_seed_basis,financial_named_occurrence_on_valid_seed_basis,0.509641804269,5,362500,184745.154047512478
DYAD-a21f067cb93e641d,ACT-METON,ACT-SCRIBONIUS-LIBO,surviving_candidate,1,financial_shared_neighbor,1,1,f430ba5c4c6976bb03ab48b6b0d7b80e55648409299e88d08970b765a472a3e1,OCC-ATT-PILOT-0026-THIRD_PARTY-02,OCC-SEC-STAGED-0038-BORROWER-01,revision5_occurrence_rule,revision5_occurrence_rule,financial_named_occurrence_on_valid_seed_basis,financial_named_occurrence_on_valid_seed_basis,0.577362322003,5,362500,209293.841726087499
DYAD-f18ba811a22bae71,ACT-METON,ACT-SILIUS,surviving_candidate,2,financial_shared_neighbor,2,2,575b7a0a219350bc4fc7c447e9589dd1a9e6fcd5c4e15e3a595a26d6acacdeb2,OCC-ATT-PILOT-0026-THIRD_PARTY-02,OCC-ATT-PILOT-0011-LENDER-01,revision5_occurrence_rule,revision5_occurrence_rule,financial_named_occurrence_on_valid_seed_basis,financial_named_occurrence_on_valid_seed_basis,0.509641804269,5,362500,184745.154047512478
DYAD-de405f1485826320,ACT-METON,ACT-TERENTIA,surviving_candidate,1,financial_shared_neighbor,1,1,42db685d1c6c2e0dd978bb15f831b0ac43a22cf85909de01e3b00c4f0e07ae0c,OCC-ATT-PILOT-0026-THIRD_PARTY-02,OCC-ATT-PILOT-0036-LENDER-01,revision5_occurrence_rule,revision5_occurrence_rule,financial_named_occurrence_on_valid_seed_basis,financial_named_occurrence_on_valid_seed_basis,0.554788816091,5,362500,201110.945832987491
DYAD-2c2ac91de93bfec8,ACT-METON,ACT-TIRO,surviving_candidate,6,financial_shared_neighbor;within_component,6,6,0b656bc379889303b19410d03021aedf060dbe410d3d1cd56850da020f0ab651,OCC-ATT-PILOT-0026-THIRD_PARTY-02,OCC-ATT-PILOT-0014-THIRD_PARTY-01,revision5_occurrence_rule,revision5_occurrence_rule,financial_named_occurrence_on_valid_seed_basis,financial_named_occurrence_on_valid_seed_basis,0.414173632831,5,362500,150137.9419012375
DYAD-4c8f30ccd2780934,ACT-OFILLIUS,ACT-PATULCIUS,surviving_candidate,1,financial_shared_neighbor,1,1,ca88aa2dd4f74339d68db721d6587893d79745242ac3362e5227eabe55df81f1,OCC-FAM-PILOT-0004-LENDER-01,OCC-SEC-STAGED-0076-LENDER-01,revision5_occurrence_rule,revision5_occurrence_rule,financial_named_occurrence_on_valid_seed_basis,financial_named_occurrence_on_valid_seed_basis,0.518708785675,5,362500,188031.934807187499
DYAD-6d4cf5a37b94f229,ACT-OFILLIUS,ACT-PUBLILIUS,surviving_candidate,2,financial_shared_neighbor,2,2,30627edbd54624b7651d3470828bd3b95ab8c86acd9f89d8888f40d12b1c1ee7,OCC-FAM-PILOT-0004-LENDER-01,OCC-ATT-PILOT-0030-LENDER-01,revision5_occurrence_rule,revision5_occurrence_rule,financial_named_occurrence_on_valid_seed_basis,financial_named_occurrence_on_valid_seed_basis,0.476497856039,5,362500,172730.472814137494
DYAD-d719d83807995e44,ACT-OFILLIUS,ACT-SCRIBONIUS-LIBO,surviving_candidate,1,financial_shared_neighbor,1,1,2539af613345ad8de3507d5c0ae3e35393add6ae026a00c90dc8fa3052add458,OCC-FAM-PILOT-0004-LENDER-01,OCC-SEC-STAGED-0038-BORROWER-01,revision5_occurrence_rule,revision5_occurrence_rule,financial_named_occurrence_on_valid_seed_basis,financial_named_occurrence_on_valid_seed_basis,0.539814250494,5,362500,195682.66580407499
DYAD-3885d54908b8ee64,ACT-OFILLIUS,ACT-SILIUS,surviving_candidate,2,financial_shared_neighbor,2,2,b6e027d50e0d032f6861f82679443769acac64d696f7be5391b101181402951e,OCC-FAM-PILOT-0004-LENDER-01,OCC-ATT-PILOT-0012-LENDER-01,revision5_occurrence_rule,revision5_occurrence_rule,financial_named_occurrence_on_valid_seed_basis,financial_named_occurrence_on_valid_seed_basis,0.476497856039,5,362500,172730.472814137494
DYAD-fd748bcde50fbf4f,ACT-OFILLIUS,ACT-TERENTIA,surviving_candidate,1,financial_shared_neighbor,1,1,6332ce2b98a0a5818260aa4c9381c74b8dfe481ee389fdfb8f145f171b054736,OCC-FAM-PILOT-0004-LENDER-01,OCC-ATT-PILOT-0036-LENDER-01,revision5_occurrence_rule,revision5_occurrence_rule,financial_named_occurrence_on_valid_seed_basis,financial_named_occurrence_on_valid_seed_basis,0.518708785675,5,362500,188031.934807187499
DYAD-e8731d5d6ca8dfec,ACT-PATULCIUS,ACT-PUBLILIUS,surviving_candidate,3,financial_shared_neighbor,3,3,372fe131f442b34b478ce1161020fd518742857ac04a6b9be2a0c120b3886279,OCC-SEC-STAGED-0076-LENDER-01,OCC-ATT-PILOT-0030-LENDER-01,revision5_occurrence_rule,revision5_occurrence_rule,financial_named_occurrence_on_valid_seed_basis,financial_named_occurrence_on_valid_seed_basis,0.476497856039,5,362500,172730.472814137494
DYAD-d91ee378cb5bd16b,ACT-PATULCIUS,ACT-SCRIBONIUS-LIBO,surviving_candidate,1,financial_shared_neighbor,1,1,1b3a3083d7098c2a0c8e14f68f8b78d2905acdb9fcf82aa5218195a9bd6da4de,OCC-SEC-STAGED-0076-LENDER-01,OCC-SEC-STAGED-0038-BORROWER-01,revision5_occurrence_rule,revision5_occurrence_rule,financial_named_occurrence_on_valid_seed_basis,financial_named_occurrence_on_valid_seed_basis,0.539814250494,5,362500,195682.66580407499
DYAD-19b5d1017b8cc6c8,ACT-PATULCIUS,ACT-SILIUS,surviving_candidate,2,financial_shared_neighbor,2,2,6498d31adcadbf7a18e415ae9ebe0cc316defd0a8d0dccc85f3a4da773b397df,OCC-SEC-STAGED-0076-LENDER-01,OCC-ATT-PILOT-0011-LENDER-01,revision5_occurrence_rule,revision5_occurrence_rule,financial_named_occurrence_on_valid_seed_basis,financial_named_occurrence_on_valid_seed_basis,0.476497856039,5,362500,172730.472814137494
DYAD-8716f1ef435870a9,ACT-PATULCIUS,ACT-TERENTIA,surviving_candidate,2,financial_shared_neighbor,2,2,9c224f5dc04d0dc7b7157400b0a0c40e5f17b612a5a0b6557b275feedde19fa2,OCC-SEC-STAGED-0076-LENDER-01,OCC-ATT-PILOT-0036-LENDER-01,revision5_occurrence_rule,revision5_occurrence_rule,financial_named_occurrence_on_valid_seed_basis,financial_named_occurrence_on_valid_seed_basis,0.518708785675,5,362500,188031.934807187499
DYAD-dce642d3efb925de,ACT-PATULCIUS,ACT-TIRO,surviving_candidate,4,financial_shared_neighbor,4,4,1c35fef3b21988edde65167c79e38df2952b901b1abf00e274a6b6a47c45b7c0,OCC-SEC-STAGED-0076-LENDER-01,OCC-ATT-PILOT-0026-THIRD_PARTY-01,revision5_occurrence_rule,revision5_occurrence_rule,financial_named_occurrence_on_valid_seed_basis,financial_named_occurrence_on_valid_seed_basis,0.387238343516,5,362500,140373.899524550012
DYAD-18bf53d100eb48d1,ACT-PUBLILIUS,ACT-SCRIBONIUS-LIBO,surviving_candidate,2,financial_shared_neighbor,2,2,57ae98630fa4453e1a064daf7649c8996c3cf2f3900eb36acf3b3f49e1d10430,OCC-ATT-PILOT-0030-LENDER-01,OCC-SEC-STAGED-0038-BORROWER-01,revision5_occurrence_rule,revision5_occurrence_rule,financial_named_occurrence_on_valid_seed_basis,financial_named_occurrence_on_valid_seed_basis,0.49588582288,5,362500,179758.610794000007
DYAD-ff9a98fea3716c96,ACT-PUBLILIUS,ACT-SILIUS,surviving_candidate,4,financial_shared_neighbor,4,4,260c564101e201ea651c8edf77b36d02a310ab70d347a05f37b8a2e2fdeb6a1c,OCC-ATT-PILOT-0035-LENDER-01,OCC-ATT-PILOT-0011-LENDER-01,revision5_occurrence_rule,revision5_occurrence_rule,financial_named_occurrence_on_valid_seed_basis,financial_named_occurrence_on_valid_seed_basis,0.437721922358,5,362500,158674.196854775015
DYAD-98c9dffbf994c29b,ACT-PUBLILIUS,ACT-TERENTIA,surviving_candidate,3,financial_shared_neighbor,3,3,111e3c4195ade4b509d3f9963f2abcc7b584d3a47411c11d3ecf66d508a68dee,OCC-ATT-PILOT-0030-LENDER-01,OCC-ATT-PILOT-0036-LENDER-01,revision5_occurrence_rule,revision5_occurrence_rule,financial_named_occurrence_on_valid_seed_basis,financial_named_occurrence_on_valid_seed_basis,0.476497856039,5,362500,172730.472814137494
DYAD-ad667a761f1cf75d,ACT-PUBLILIUS,ACT-TIRO,surviving_candidate,8,financial_shared_neighbor,8,8,786d65fe2f5d4dca3f58e98014cff0f2a7f9364b994fbf76d31510746d1d744b,OCC-ATT-PILOT-0030-LENDER-01,OCC-FAM-PILOT-0004-THIRD_PARTY-01,revision5_occurrence_rule,revision5_occurrence_rule,financial_named_occurrence_on_valid_seed_basis,financial_named_occurrence_on_valid_seed_basis,0.355726075126,5,362500,128950.702233175005
DYAD-352478e03ee7e5ab,ACT-SCRIBONIUS-LIBO,ACT-SILIUS,surviving_candidate,2,financial_shared_neighbor,2,2,7cb7039aa61753dc8d5c5355698f16d0e7a7b9c45202f2641311dc5abcc409aa,OCC-SEC-STAGED-0038-BORROWER-01,OCC-ATT-PILOT-0011-LENDER-01,revision5_occurrence_rule,revision5_occurrence_rule,financial_named_occurrence_on_valid_seed_basis,financial_named_occurrence_on_valid_seed_basis,0.49588582288,5,362500,179758.610794000007
DYAD-bed85f483f9f82c0,ACT-SCRIBONIUS-LIBO,ACT-TERENTIA,surviving_candidate,1,financial_shared_neighbor,1,1,8da831e0bd5d058ad9b9dd4ddbe174b94b64348be51b01b113bdc346d5f54d44,OCC-SEC-STAGED-0038-BORROWER-01,OCC-ATT-PILOT-0036-LENDER-01,revision5_occurrence_rule,revision5_occurrence_rule,financial_named_occurrence_on_valid_seed_basis,financial_named_occurrence_on_valid_seed_basis,0.539814250494,5,362500,195682.66580407499
DYAD-655e64e7ae38d3e2,ACT-SCRIBONIUS-LIBO,ACT-TIRO,surviving_candidate,4,financial_shared_neighbor,4,4,378a4169d8c0d5dd1274c073b9d2529a89fd0ba84dc28d2929d419cc912ca5c9,OCC-SEC-STAGED-0038-BORROWER-01,OCC-FAM-PILOT-0005-THIRD_PARTY-01,revision5_occurrence_rule,revision5_occurrence_rule,financial_named_occurrence_on_valid_seed_basis,financial_named_occurrence_on_valid_seed_basis,0.402994477712,5,362500,146085.498170599982
DYAD-8af8eca8a3ba99a7,ACT-SILIUS,ACT-TERENTIA,surviving_candidate,2,financial_shared_neighbor,2,2,8c0de992328691892652ac2042ed917ec47a37c61dc8962bc3b5ad399875093e,OCC-ATT-PILOT-0012-LENDER-01,OCC-ATT-PILOT-0036-LENDER-01,revision5_occurrence_rule,revision5_occurrence_rule,financial_named_occurrence_on_valid_seed_basis,financial_named_occurrence_on_valid_seed_basis,0.476497856039,5,362500,172730.472814137494
DYAD-031c770f91992f59,ACT-SILIUS,ACT-TIRO,surviving_candidate,8,financial_shared_neighbor,8,8,091de2ed411a3d23eedd50e94fe99f357c153904d8eb529a8d50bad42664349c,OCC-ATT-PILOT-0012-LENDER-01,OCC-ATT-PILOT-0026-THIRD_PARTY-01,revision5_occurrence_rule,revision5_occurrence_rule,financial_named_occurrence_on_valid_seed_basis,financial_named_occurrence_on_valid_seed_basis,0.355726075126,5,362500,128950.702233175005
DYAD-d2203d87c15f4bcc,ACT-TERENTIA,ACT-TIRO,surviving_candidate,4,financial_shared_neighbor,4,4,23f718970e6c574ffb3716c2cf62b88095feb4c2b4ef81d1d43a620a2a5f0a9b,OCC-ATT-PILOT-0036-LENDER-01,OCC-ATT-PILOT-0026-THIRD_PARTY-01,revision5_occurrence_rule,revision5_occurrence_rule,financial_named_occurrence_on_valid_seed_basis,financial_named_occurrence_on_valid_seed_basis,0.387238343516,5,362500,140373.899524550012
