relation_id,exposure_group_id,source_member_id,source_citation,endpoint_a_occurrence_id,endpoint_b_occurrence_id,endpoint_a_actor_id,endpoint_b_actor_id,source_direction,confidence,relation_role,observed_or_modeled,year_bce,scope,strict_graph_authorized,candidate_basis_authorized,candidate_basis_authority,candidate_basis_reason,o6_observed_relation_authorized,decision_authority
REL-74a9599e1b521914,O5EG-0016,ATT-PILOT-0011,Att. 12.22,OCC-ATT-PILOT-0011-BORROWER-01,OCC-ATT-PILOT-0011-LENDER-01,ACT-CICERO,ACT-SILIUS,undirected_for_graph,high,direct_borrower_lender,observed,45,strict_private,yes,yes,revision5_typed_relation_rule,strict_private_in_window_financial_relation,yes,revision5_typed_relation_rule
REL-91943d46ae8e4346,O5EG-0016,ATT-PILOT-0012,Att. 12.25,OCC-ATT-PILOT-0012-BORROWER-01,OCC-ATT-PILOT-0012-LENDER-01,ACT-CICERO,ACT-SILIUS,undirected_for_graph,high,direct_borrower_lender,observed,45,strict_private,yes,yes,revision5_typed_relation_rule,strict_private_in_window_financial_relation,yes,revision5_typed_relation_rule
REL-8b32b5dba3132bea,O5EG-0016,ATT-PILOT-0012,Att. 12.25,OCC-ATT-PILOT-0012-BORROWER-01,OCC-ATT-PILOT-0012-LENDER-02,ACT-CICERO,PLH-02dd7626e090cce8,undirected_for_graph,high,direct_borrower_lender,observed,45,strict_private,yes,yes,revision5_typed_relation_rule,strict_private_in_window_financial_relation,yes,revision5_typed_relation_rule
REL-72a11a3434a27532,O5EG-0016,ATT-PILOT-0012,Att. 12.25,OCC-ATT-PILOT-0012-BORROWER-01,OCC-ATT-PILOT-0012-THIRD_PARTY-01,ACT-CICERO,ACT-HERMOGENES,undirected_for_graph,high,financial_intermediary,observed,45,strict_private,yes,yes,revision5_typed_relation_rule,strict_private_in_window_financial_relation,yes,revision5_typed_relation_rule
REL-502049cfbfe40e0f,O5EG-0016,ATT-PILOT-0012,Att. 12.25,OCC-ATT-PILOT-0012-LENDER-01,OCC-ATT-PILOT-0012-THIRD_PARTY-01,ACT-SILIUS,ACT-HERMOGENES,undirected_for_graph,high,financial_intermediary,observed,45,strict_private,yes,yes,revision5_typed_relation_rule,strict_private_in_window_financial_relation,yes,revision5_typed_relation_rule
REL-741e930f604ab210,O5EG-0016,ATT-PILOT-0012,Att. 12.25,OCC-ATT-PILOT-0012-LENDER-02,OCC-ATT-PILOT-0012-THIRD_PARTY-01,PLH-02dd7626e090cce8,ACT-HERMOGENES,undirected_for_graph,high,financial_intermediary,observed,45,strict_private,yes,yes,revision5_typed_relation_rule,strict_private_in_window_financial_relation,yes,revision5_typed_relation_rule
REL-aeb6fefdc772531d,EG-CLEAN-0025,ATT-PILOT-0014,Att. 15.20,OCC-ATT-PILOT-0014-BORROWER-01,OCC-ATT-PILOT-0014-LENDER-01,ACT-CICERO,PLH-de958647944ebc7a,undirected_for_graph,high,direct_borrower_lender,observed,44,strict_private,yes,yes,revision5_typed_relation_rule,strict_private_in_window_financial_relation,yes,revision5_typed_relation_rule
REL-fa9ed102358c19d6,EG-CLEAN-0025,ATT-PILOT-0014,Att. 15.20,OCC-ATT-PILOT-0014-BORROWER-01,OCC-ATT-PILOT-0014-THIRD_PARTY-01,ACT-CICERO,ACT-TIRO,undirected_for_graph,high,financial_intermediary,observed,44,strict_private,yes,yes,revision5_typed_relation_rule,strict_private_in_window_financial_relation,yes,revision5_typed_relation_rule
REL-5bde5ce9792e0a6d,EG-CLEAN-0025,ATT-PILOT-0014,Att. 15.20,OCC-ATT-PILOT-0014-LENDER-01,OCC-ATT-PILOT-0014-THIRD_PARTY-01,PLH-de958647944ebc7a,ACT-TIRO,undirected_for_graph,high,financial_intermediary,observed,44,strict_private,yes,yes,revision5_typed_relation_rule,strict_private_in_window_financial_relation,yes,revision5_typed_relation_rule
REL-888229da787ed6bd,EG-CLEAN-0012,ATT-PILOT-0017,Att. 16.6,OCC-ATT-PILOT-0017-BORROWER-01,OCC-ATT-PILOT-0017-LENDER-01,ACT-CICERO,ACT-CLUVIAN-COHEIRS,undirected_for_graph,high,direct_borrower_lender,observed,44,strict_private,yes,yes,revision5_typed_relation_rule,strict_private_in_window_financial_relation,yes,revision5_typed_relation_rule
REL-403a69c3720a987a,EG-CLEAN-0012,ATT-PILOT-0017,Att. 16.6,OCC-ATT-PILOT-0017-BORROWER-01,OCC-ATT-PILOT-0017-THIRD_PARTY-01,ACT-CICERO,PLH-e6ace6b73e88d8db,undirected_for_graph,high,documentary_context,observed,44,strict_private,no,no,revision5_typed_relation_rule,documentary_context_relation_not_authorized_as_candidate_basis,no,revision5_typed_relation_rule
REL-c52dd5e042991397,EG-CLEAN-0012,ATT-PILOT-0017,Att. 16.6,OCC-ATT-PILOT-0017-LENDER-01,OCC-ATT-PILOT-0017-THIRD_PARTY-01,ACT-CLUVIAN-COHEIRS,PLH-e6ace6b73e88d8db,undirected_for_graph,high,documentary_context,observed,44,strict_private,no,no,revision5_typed_relation_rule,documentary_context_relation_not_authorized_as_candidate_basis,no,revision5_typed_relation_rule
REL-179c158df15267f1,EG-CLEAN-0012,ATT-PILOT-0017,Att. 16.6,OCC-ATT-PILOT-0017-BORROWER-01,OCC-ATT-PILOT-0017-THIRD_PARTY-02,ACT-CICERO,ACT-ATTICUS,undirected_for_graph,high,financial_intermediary,observed,44,strict_private,yes,yes,revision5_typed_relation_rule,strict_private_in_window_financial_relation,yes,revision5_typed_relation_rule
REL-e6094e3700b73681,EG-CLEAN-0012,ATT-PILOT-0017,Att. 16.6,OCC-ATT-PILOT-0017-LENDER-01,OCC-ATT-PILOT-0017-THIRD_PARTY-02,ACT-CLUVIAN-COHEIRS,ACT-ATTICUS,undirected_for_graph,high,financial_intermediary,observed,44,strict_private,yes,yes,revision5_typed_relation_rule,strict_private_in_window_financial_relation,yes,revision5_typed_relation_rule
REL-ef24fbba785dd67f,EG-CLEAN-0118,ATT-PILOT-0018,Att. 16.15,OCC-ATT-PILOT-0018-BORROWER-01,OCC-ATT-PILOT-0018-LENDER-01,ACT-TULLIUS-MONTANUS,PLH-b0c742e0f412ff74,undirected_for_graph,high,direct_borrower_lender,observed,44,strict_private,yes,yes,revision5_typed_relation_rule,strict_private_in_window_financial_relation,yes,revision5_typed_relation_rule
REL-baca54e3ac273877,EG-CLEAN-0118,ATT-PILOT-0018,Att. 16.15,OCC-ATT-PILOT-0018-BORROWER-01,OCC-ATT-PILOT-0018-THIRD_PARTY-01,ACT-TULLIUS-MONTANUS,ACT-TERENTIA,undirected_for_graph,high,documentary_context,observed,44,strict_private,no,no,revision5_typed_relation_rule,documentary_context_relation_not_authorized_as_candidate_basis,no,revision5_typed_relation_rule
REL-73d560180d46c73f,EG-CLEAN-0118,ATT-PILOT-0018,Att. 16.15,OCC-ATT-PILOT-0018-LENDER-01,OCC-ATT-PILOT-0018-THIRD_PARTY-01,PLH-b0c742e0f412ff74,ACT-TERENTIA,undirected_for_graph,high,documentary_context,observed,44,strict_private,no,no,revision5_typed_relation_rule,documentary_context_relation_not_authorized_as_candidate_basis,no,revision5_typed_relation_rule
REL-271f8d6657a90b1d,EG-CLEAN-0028,ATT-PILOT-0025,Att. 12.14,OCC-ATT-PILOT-0025-BORROWER-01,OCC-ATT-PILOT-0025-LENDER-01,ACT-CORNIFICIUS,ACT-IUNIUS,undirected_for_graph,medium,direct_borrower_lender,observed,45,strict_private,yes,yes,revision5_typed_relation_rule,strict_private_in_window_financial_relation,yes,revision5_typed_relation_rule
REL-8c0a5d6b8a28ffe6,EG-CLEAN-0028,ATT-PILOT-0025,Att. 12.14,OCC-ATT-PILOT-0025-BORROWER-01,OCC-ATT-PILOT-0025-THIRD_PARTY-01,ACT-CORNIFICIUS,ACT-CICERO,undirected_for_graph,medium,financial_intermediary,observed,45,strict_private,yes,yes,revision5_typed_relation_rule,strict_private_in_window_financial_relation,yes,revision5_typed_relation_rule
REL-b897986032798e63,EG-CLEAN-0028,ATT-PILOT-0025,Att. 12.14,OCC-ATT-PILOT-0025-LENDER-01,OCC-ATT-PILOT-0025-THIRD_PARTY-01,ACT-IUNIUS,ACT-CICERO,undirected_for_graph,medium,financial_intermediary,observed,45,strict_private,yes,yes,revision5_typed_relation_rule,strict_private_in_window_financial_relation,yes,revision5_typed_relation_rule
REL-81f8598300a38dfc,EG-CLEAN-0028,ATT-PILOT-0025,Att. 12.14,OCC-ATT-PILOT-0025-BORROWER-01,OCC-ATT-PILOT-0025-THIRD_PARTY-02,ACT-CORNIFICIUS,ACT-APPULEIUS,undirected_for_graph,medium,financial_intermediary,observed,45,strict_private,yes,yes,revision5_typed_relation_rule,strict_private_in_window_financial_relation,yes,revision5_typed_relation_rule
REL-f3a040e81d6e30e5,EG-CLEAN-0028,ATT-PILOT-0025,Att. 12.14,OCC-ATT-PILOT-0025-LENDER-01,OCC-ATT-PILOT-0025-THIRD_PARTY-02,ACT-IUNIUS,ACT-APPULEIUS,undirected_for_graph,medium,financial_intermediary,observed,45,strict_private,yes,yes,revision5_typed_relation_rule,strict_private_in_window_financial_relation,yes,revision5_typed_relation_rule
REL-bfe9985812447925,EG-CLEAN-0028,ATT-PILOT-0025,Att. 12.14,OCC-ATT-PILOT-0025-BORROWER-01,OCC-ATT-PILOT-0025-THIRD_PARTY-03,ACT-CORNIFICIUS,ACT-CORNIFICIUS-PROCURATORS,undirected_for_graph,medium,financial_intermediary,observed,45,strict_private,yes,yes,revision5_typed_relation_rule,strict_private_in_window_financial_relation,yes,revision5_typed_relation_rule
REL-ab22dab948594dd4,EG-CLEAN-0028,ATT-PILOT-0025,Att. 12.14,OCC-ATT-PILOT-0025-LENDER-01,OCC-ATT-PILOT-0025-THIRD_PARTY-03,ACT-IUNIUS,ACT-CORNIFICIUS-PROCURATORS,undirected_for_graph,medium,financial_intermediary,observed,45,strict_private,yes,yes,revision5_typed_relation_rule,strict_private_in_window_financial_relation,yes,revision5_typed_relation_rule
REL-209c80d25232cdc7,EG-CLEAN-0009,ATT-PILOT-0026,Att. 12.51,OCC-ATT-PILOT-0026-BORROWER-01,OCC-ATT-PILOT-0026-LENDER-01,ACT-CICERO,ACT-CAERELLIA,undirected_for_graph,high,direct_borrower_lender,observed,45,strict_private,yes,yes,revision5_typed_relation_rule,strict_private_in_window_financial_relation,yes,revision5_typed_relation_rule
REL-29250808763ebe83,EG-CLEAN-0009,ATT-PILOT-0026,Att. 12.51,OCC-ATT-PILOT-0026-BORROWER-01,OCC-ATT-PILOT-0026-THIRD_PARTY-01,ACT-CICERO,ACT-TIRO,undirected_for_graph,high,financial_intermediary,observed,45,strict_private,yes,yes,revision5_typed_relation_rule,strict_private_in_window_financial_relation,yes,revision5_typed_relation_rule
REL-f1bbc0d12c114ae6,EG-CLEAN-0009,ATT-PILOT-0026,Att. 12.51,OCC-ATT-PILOT-0026-LENDER-01,OCC-ATT-PILOT-0026-THIRD_PARTY-01,ACT-CAERELLIA,ACT-TIRO,undirected_for_graph,high,financial_intermediary,observed,45,strict_private,yes,yes,revision5_typed_relation_rule,strict_private_in_window_financial_relation,yes,revision5_typed_relation_rule
REL-2fd332efe7c15714,EG-CLEAN-0009,ATT-PILOT-0026,Att. 12.51,OCC-ATT-PILOT-0026-BORROWER-01,OCC-ATT-PILOT-0026-THIRD_PARTY-02,ACT-CICERO,ACT-METON,undirected_for_graph,high,financial_intermediary,observed,45,strict_private,yes,yes,revision5_typed_relation_rule,strict_private_in_window_financial_relation,yes,revision5_typed_relation_rule
REL-2613f164d09b9a87,EG-CLEAN-0009,ATT-PILOT-0026,Att. 12.51,OCC-ATT-PILOT-0026-LENDER-01,OCC-ATT-PILOT-0026-THIRD_PARTY-02,ACT-CAERELLIA,ACT-METON,undirected_for_graph,high,financial_intermediary,observed,45,strict_private,yes,yes,revision5_typed_relation_rule,strict_private_in_window_financial_relation,yes,revision5_typed_relation_rule
REL-7240171c5344bb0e,EG-CLEAN-0009,ATT-PILOT-0026,Att. 12.51,OCC-ATT-PILOT-0026-BORROWER-01,OCC-ATT-PILOT-0026-THIRD_PARTY-03,ACT-CICERO,ACT-FABERIUS,undirected_for_graph,high,financial_intermediary,observed,45,strict_private,yes,yes,revision5_typed_relation_rule,strict_private_in_window_financial_relation,yes,revision5_typed_relation_rule
REL-51fbb7707bcc1e36,EG-CLEAN-0009,ATT-PILOT-0026,Att. 12.51,OCC-ATT-PILOT-0026-LENDER-01,OCC-ATT-PILOT-0026-THIRD_PARTY-03,ACT-CAERELLIA,ACT-FABERIUS,undirected_for_graph,high,financial_intermediary,observed,45,strict_private,yes,yes,revision5_typed_relation_rule,strict_private_in_window_financial_relation,yes,revision5_typed_relation_rule
REL-c574786aca068e8e,EG-CLEAN-0035,ATT-PILOT-0027,Att. 12.52,OCC-ATT-PILOT-0027-BORROWER-01,OCC-ATT-PILOT-0027-LENDER-01,ACT-TULLIUS-MONTANUS,ACT-PLANCUS,undirected_for_graph,high,direct_borrower_lender,observed,45,strict_private,yes,yes,revision5_typed_relation_rule,strict_private_in_window_financial_relation,yes,revision5_typed_relation_rule
REL-13dfaaf684b52030,EG-CLEAN-0035,ATT-PILOT-0027,Att. 12.52,OCC-ATT-PILOT-0027-BORROWER-01,OCC-ATT-PILOT-0027-THIRD_PARTY-01,ACT-TULLIUS-MONTANUS,ACT-FLAMINIUS,undirected_for_graph,high,financial_intermediary,observed,45,strict_private,yes,yes,revision5_typed_relation_rule,strict_private_in_window_financial_relation,yes,revision5_typed_relation_rule
REL-ae672aed4eed7fdc,EG-CLEAN-0035,ATT-PILOT-0027,Att. 12.52,OCC-ATT-PILOT-0027-LENDER-01,OCC-ATT-PILOT-0027-THIRD_PARTY-01,ACT-PLANCUS,ACT-FLAMINIUS,undirected_for_graph,high,financial_intermediary,observed,45,strict_private,yes,yes,revision5_typed_relation_rule,strict_private_in_window_financial_relation,yes,revision5_typed_relation_rule
REL-8da5775de7fb8109,EG-CLEAN-0030,ATT-PILOT-0028,Att. 14.18-14.20,OCC-ATT-PILOT-0028-BORROWER-01,OCC-ATT-PILOT-0028-LENDER-01,ACT-DOLABELLA,ACT-CICERO,undirected_for_graph,high,direct_borrower_lender,observed,44,strict_private,yes,yes,revision5_typed_relation_rule,strict_private_in_window_financial_relation,yes,revision5_typed_relation_rule
REL-d49becc279f8c2ee,EG-CLEAN-0030,ATT-PILOT-0028,Att. 14.18-14.20,OCC-ATT-PILOT-0028-BORROWER-01,OCC-ATT-PILOT-0028-THIRD_PARTY-01,ACT-DOLABELLA,ACT-FABERIUS,undirected_for_graph,high,financial_intermediary,observed,44,strict_private,yes,yes,revision5_typed_relation_rule,strict_private_in_window_financial_relation,yes,revision5_typed_relation_rule
REL-57db44fd4740b95b,EG-CLEAN-0030,ATT-PILOT-0028,Att. 14.18-14.20,OCC-ATT-PILOT-0028-LENDER-01,OCC-ATT-PILOT-0028-THIRD_PARTY-01,ACT-CICERO,ACT-FABERIUS,undirected_for_graph,high,financial_intermediary,observed,44,strict_private,yes,yes,revision5_typed_relation_rule,strict_private_in_window_financial_relation,yes,revision5_typed_relation_rule
REL-cbec0081207c627f,EG-CLEAN-0014,ATT-PILOT-0029,Att. 16.2,OCC-ATT-PILOT-0029-BORROWER-01,OCC-ATT-PILOT-0029-LENDER-01,ACT-CICERO,ACT-HORTENSIUS,undirected_for_graph,high,direct_borrower_lender,observed,44,strict_private,yes,yes,revision5_typed_relation_rule,strict_private_in_window_financial_relation,yes,revision5_typed_relation_rule
REL-831b8e4b6d19c6c0,EG-CLEAN-0014,ATT-PILOT-0029,Att. 16.2,OCC-ATT-PILOT-0029-BORROWER-01,OCC-ATT-PILOT-0029-THIRD_PARTY-01,ACT-CICERO,ACT-EROS,undirected_for_graph,high,financial_intermediary,observed,44,strict_private,yes,yes,revision5_typed_relation_rule,strict_private_in_window_financial_relation,yes,revision5_typed_relation_rule
REL-ae2fd080661dd487,EG-CLEAN-0014,ATT-PILOT-0029,Att. 16.2,OCC-ATT-PILOT-0029-LENDER-01,OCC-ATT-PILOT-0029-THIRD_PARTY-01,ACT-HORTENSIUS,ACT-EROS,undirected_for_graph,high,financial_intermediary,observed,44,strict_private,yes,yes,revision5_typed_relation_rule,strict_private_in_window_financial_relation,yes,revision5_typed_relation_rule
REL-ee1426120bb3bdbc,O5EG-0015,ATT-PILOT-0030,Att. 16.2,OCC-ATT-PILOT-0030-BORROWER-01,OCC-ATT-PILOT-0030-LENDER-01,ACT-CICERO,ACT-PUBLILIUS,undirected_for_graph,high,direct_borrower_lender,observed,44,strict_private,yes,yes,revision5_typed_relation_rule,strict_private_in_window_financial_relation,yes,revision5_typed_relation_rule
REL-0cfa2ee6a4e95cee,O5EG-0015,ATT-PILOT-0035,Att. 16.6,OCC-ATT-PILOT-0035-BORROWER-01,OCC-ATT-PILOT-0035-LENDER-01,ACT-CICERO,ACT-PUBLILIUS,undirected_for_graph,high,direct_borrower_lender,observed,44,strict_private,yes,yes,revision5_typed_relation_rule,strict_private_in_window_financial_relation,yes,revision5_typed_relation_rule
REL-78884b13458b6257,O5EG-0015,ATT-PILOT-0035,Att. 16.6,OCC-ATT-PILOT-0035-BORROWER-01,OCC-ATT-PILOT-0035-THIRD_PARTY-01,ACT-CICERO,ACT-ATTICUS,undirected_for_graph,high,financial_intermediary,observed,44,strict_private,yes,yes,revision5_typed_relation_rule,strict_private_in_window_financial_relation,yes,revision5_typed_relation_rule
REL-0de603cecefe77cd,O5EG-0015,ATT-PILOT-0035,Att. 16.6,OCC-ATT-PILOT-0035-LENDER-01,OCC-ATT-PILOT-0035-THIRD_PARTY-01,ACT-PUBLILIUS,ACT-ATTICUS,undirected_for_graph,high,financial_intermediary,observed,44,strict_private,yes,yes,revision5_typed_relation_rule,strict_private_in_window_financial_relation,yes,revision5_typed_relation_rule
REL-b88012908bc335e0,EG-CLEAN-0022,ATT-PILOT-0036,Att. 16.6,OCC-ATT-PILOT-0036-BORROWER-01,OCC-ATT-PILOT-0036-LENDER-01,ACT-CICERO,ACT-TERENTIA,undirected_for_graph,high,direct_borrower_lender,observed,44,strict_private,yes,yes,revision5_typed_relation_rule,strict_private_in_window_financial_relation,yes,revision5_typed_relation_rule
REL-2b82f14fe214bab2,EG-CLEAN-0022,ATT-PILOT-0036,Att. 16.6,OCC-ATT-PILOT-0036-BORROWER-01,OCC-ATT-PILOT-0036-LENDER-02,ACT-CICERO,PLH-3867621eca95f356,undirected_for_graph,high,direct_borrower_lender,observed,44,strict_private,yes,yes,revision5_typed_relation_rule,strict_private_in_window_financial_relation,yes,revision5_typed_relation_rule
REL-1cef5bb4ebae093f,EG-CLEAN-0022,ATT-PILOT-0036,Att. 16.6,OCC-ATT-PILOT-0036-BORROWER-01,OCC-ATT-PILOT-0036-THIRD_PARTY-01,ACT-CICERO,ACT-ATTICUS,undirected_for_graph,high,financial_intermediary,observed,44,strict_private,yes,yes,revision5_typed_relation_rule,strict_private_in_window_financial_relation,yes,revision5_typed_relation_rule
REL-6c0129c0daf0720e,EG-CLEAN-0022,ATT-PILOT-0036,Att. 16.6,OCC-ATT-PILOT-0036-LENDER-01,OCC-ATT-PILOT-0036-THIRD_PARTY-01,ACT-TERENTIA,ACT-ATTICUS,undirected_for_graph,high,financial_intermediary,observed,44,strict_private,yes,yes,revision5_typed_relation_rule,strict_private_in_window_financial_relation,yes,revision5_typed_relation_rule
REL-265a6e18c8256872,EG-CLEAN-0022,ATT-PILOT-0036,Att. 16.6,OCC-ATT-PILOT-0036-LENDER-02,OCC-ATT-PILOT-0036-THIRD_PARTY-01,PLH-3867621eca95f356,ACT-ATTICUS,undirected_for_graph,high,financial_intermediary,observed,44,strict_private,yes,yes,revision5_typed_relation_rule,strict_private_in_window_financial_relation,yes,revision5_typed_relation_rule
REL-74eadc47c7b8d80b,EG-CLEAN-0036,FAM-PILOT-0004,Fam. 16.24,OCC-FAM-PILOT-0004-BORROWER-01,OCC-FAM-PILOT-0004-LENDER-01,ACT-CICERO,ACT-OFILLIUS,undirected_for_graph,high,direct_borrower_lender,observed,44,strict_private,yes,yes,revision5_typed_relation_rule,strict_private_in_window_financial_relation,yes,revision5_typed_relation_rule
REL-01207d2d80e66e2f,EG-CLEAN-0036,FAM-PILOT-0004,Fam. 16.24,OCC-FAM-PILOT-0004-BORROWER-01,OCC-FAM-PILOT-0004-LENDER-02,ACT-CICERO,ACT-AURELIUS,undirected_for_graph,high,direct_borrower_lender,observed,44,strict_private,yes,yes,revision5_typed_relation_rule,strict_private_in_window_financial_relation,yes,revision5_typed_relation_rule
REL-b4879b77c0bcf7db,EG-CLEAN-0036,FAM-PILOT-0004,Fam. 16.24,OCC-FAM-PILOT-0004-BORROWER-01,OCC-FAM-PILOT-0004-THIRD_PARTY-01,ACT-CICERO,ACT-TIRO,undirected_for_graph,high,financial_intermediary,observed,44,strict_private,yes,yes,revision5_typed_relation_rule,strict_private_in_window_financial_relation,yes,revision5_typed_relation_rule
REL-e1b7b0fb9c54da12,EG-CLEAN-0036,FAM-PILOT-0004,Fam. 16.24,OCC-FAM-PILOT-0004-LENDER-01,OCC-FAM-PILOT-0004-THIRD_PARTY-01,ACT-OFILLIUS,ACT-TIRO,undirected_for_graph,high,financial_intermediary,observed,44,strict_private,yes,yes,revision5_typed_relation_rule,strict_private_in_window_financial_relation,yes,revision5_typed_relation_rule
REL-b93b7c1f805bbca6,EG-CLEAN-0036,FAM-PILOT-0004,Fam. 16.24,OCC-FAM-PILOT-0004-LENDER-02,OCC-FAM-PILOT-0004-THIRD_PARTY-01,ACT-AURELIUS,ACT-TIRO,undirected_for_graph,high,financial_intermediary,observed,44,strict_private,yes,yes,revision5_typed_relation_rule,strict_private_in_window_financial_relation,yes,revision5_typed_relation_rule
REL-8efb7e532731e899,EG-CLEAN-0031,FAM-PILOT-0005,Fam. 16.24,OCC-FAM-PILOT-0005-BORROWER-01,OCC-FAM-PILOT-0005-LENDER-01,ACT-FLAMMA,ACT-CICERO,undirected_for_graph,high,direct_borrower_lender,observed,44,strict_private,yes,yes,revision5_typed_relation_rule,strict_private_in_window_financial_relation,yes,revision5_typed_relation_rule
REL-3144070c343ec049,EG-CLEAN-0031,FAM-PILOT-0005,Fam. 16.24,OCC-FAM-PILOT-0005-BORROWER-01,OCC-FAM-PILOT-0005-THIRD_PARTY-01,ACT-FLAMMA,ACT-TIRO,undirected_for_graph,high,financial_intermediary,observed,44,strict_private,yes,yes,revision5_typed_relation_rule,strict_private_in_window_financial_relation,yes,revision5_typed_relation_rule
REL-3ef2e78d89ce42c7,EG-CLEAN-0031,FAM-PILOT-0005,Fam. 16.24,OCC-FAM-PILOT-0005-LENDER-01,OCC-FAM-PILOT-0005-THIRD_PARTY-01,ACT-CICERO,ACT-TIRO,undirected_for_graph,high,financial_intermediary,observed,44,strict_private,yes,yes,revision5_typed_relation_rule,strict_private_in_window_financial_relation,yes,revision5_typed_relation_rule
REL-ad7dbbd9971b1ddf,EG-CLEAN-0047,VRB-STAGED-0038,Cic. Att. 12.18.3; Att. 12.19.2,OCC-VRB-STAGED-0038-BORROWER-01,OCC-VRB-STAGED-0038-LENDER-01,ACT-SCRIBONIUS-LIBO,ACT-CICERO,undirected_for_graph,medium,direct_borrower_lender,observed,45,strict_private,yes,yes,revision5_typed_relation_rule,strict_private_in_window_financial_relation,yes,revision5_typed_relation_rule
REL-6ef44e2a96749407,EG-CLEAN-0047,VRB-STAGED-0038,Cic. Att. 12.18.3; Att. 12.19.2,OCC-VRB-STAGED-0038-BORROWER-01,OCC-VRB-STAGED-0038-THIRD_PARTY-01,ACT-SCRIBONIUS-LIBO,ACT-EGNATIUS-RUFUS,undirected_for_graph,medium,documentary_context,observed,45,strict_private,no,no,revision5_typed_relation_rule,documentary_context_relation_not_authorized_as_candidate_basis,no,revision5_typed_relation_rule
REL-bbb5d566ad924c3e,EG-CLEAN-0047,VRB-STAGED-0038,Cic. Att. 12.18.3; Att. 12.19.2,OCC-VRB-STAGED-0038-LENDER-01,OCC-VRB-STAGED-0038-THIRD_PARTY-01,ACT-CICERO,ACT-EGNATIUS-RUFUS,undirected_for_graph,medium,documentary_context,observed,45,strict_private,no,no,revision5_typed_relation_rule,documentary_context_relation_not_authorized_as_candidate_basis,no,revision5_typed_relation_rule
REL-e786906cd2254ae4,EG-CLEAN-0041,VRB-STAGED-0042,Cic. Fam. 6.18.3; Val. Max. 6.2.11,OCC-VRB-STAGED-0042-BORROWER-01,OCC-VRB-STAGED-0042-LENDER-01,ACT-POMPEY,PLH-2efdcaa9cde9f241,undirected_for_graph,high,direct_borrower_lender,observed,45,strict_private,yes,yes,revision5_typed_relation_rule,strict_private_in_window_financial_relation,yes,revision5_typed_relation_rule
REL-f16c5fa4768b2f1f,EG-CLEAN-0041,VRB-STAGED-0042,Cic. Fam. 6.18.3; Val. Max. 6.2.11,OCC-VRB-STAGED-0042-BORROWER-01,OCC-VRB-STAGED-0042-THIRD_PARTY-01,ACT-POMPEY,ACT-Q-PACONIUS-LEPTA,undirected_for_graph,high,documentary_context,observed,45,strict_private,no,no,revision5_typed_relation_rule,documentary_context_relation_not_authorized_as_candidate_basis,no,revision5_typed_relation_rule
REL-754fa517e761f6fd,EG-CLEAN-0041,VRB-STAGED-0042,Cic. Fam. 6.18.3; Val. Max. 6.2.11,OCC-VRB-STAGED-0042-LENDER-01,OCC-VRB-STAGED-0042-THIRD_PARTY-01,PLH-2efdcaa9cde9f241,ACT-Q-PACONIUS-LEPTA,undirected_for_graph,high,documentary_context,observed,45,strict_private,no,no,revision5_typed_relation_rule,documentary_context_relation_not_authorized_as_candidate_basis,no,revision5_typed_relation_rule
REL-1036fc3e4fcbd588,EG-CLEAN-0041,VRB-STAGED-0042,Cic. Fam. 6.18.3; Val. Max. 6.2.11,OCC-VRB-STAGED-0042-BORROWER-01,OCC-VRB-STAGED-0042-THIRD_PARTY-02,ACT-POMPEY,ACT-SER-SULPICIUS-GALBA,undirected_for_graph,high,documentary_context,observed,45,strict_private,no,no,revision5_typed_relation_rule,documentary_context_relation_not_authorized_as_candidate_basis,no,revision5_typed_relation_rule
REL-2e88cd41ffe3aa47,EG-CLEAN-0041,VRB-STAGED-0042,Cic. Fam. 6.18.3; Val. Max. 6.2.11,OCC-VRB-STAGED-0042-LENDER-01,OCC-VRB-STAGED-0042-THIRD_PARTY-02,PLH-2efdcaa9cde9f241,ACT-SER-SULPICIUS-GALBA,undirected_for_graph,high,documentary_context,observed,45,strict_private,no,no,revision5_typed_relation_rule,documentary_context_relation_not_authorized_as_candidate_basis,no,revision5_typed_relation_rule
REL-af67aa2f3633e93e,EG-CLEAN-0027,VRB-STAGED-0053,Cic. Fam. 9.4; Att. 13.2; Att. 13.18.3; Att. 13.19.2,OCC-VRB-STAGED-0053-BORROWER-01,OCC-VRB-STAGED-0053-LENDER-01,ACT-COCCEIUS,ACT-CICERO,undirected_for_graph,medium,direct_borrower_lender,observed,45,strict_private,yes,yes,revision5_typed_relation_rule,strict_private_in_window_financial_relation,yes,revision5_typed_relation_rule
REL-82ad6beea639780f,EG-CLEAN-0027,VRB-STAGED-0053,Cic. Fam. 9.4; Att. 13.2; Att. 13.18.3; Att. 13.19.2,OCC-VRB-STAGED-0053-BORROWER-01,OCC-VRB-STAGED-0053-THIRD_PARTY-01,ACT-COCCEIUS,ACT-VARRO,undirected_for_graph,medium,documentary_context,observed,45,strict_private,no,no,revision5_typed_relation_rule,documentary_context_relation_not_authorized_as_candidate_basis,no,revision5_typed_relation_rule
REL-877a76400df30d25,EG-CLEAN-0027,VRB-STAGED-0053,Cic. Fam. 9.4; Att. 13.2; Att. 13.18.3; Att. 13.19.2,OCC-VRB-STAGED-0053-LENDER-01,OCC-VRB-STAGED-0053-THIRD_PARTY-01,ACT-CICERO,ACT-VARRO,undirected_for_graph,medium,documentary_context,observed,45,strict_private,no,no,revision5_typed_relation_rule,documentary_context_relation_not_authorized_as_candidate_basis,no,revision5_typed_relation_rule
REL-9527851281b26455,EG-CLEAN-0016,VRB-STAGED-0076,Cic. Att. 14.18.2; Att. 14.20.2,OCC-VRB-STAGED-0076-BORROWER-01,OCC-VRB-STAGED-0076-LENDER-01,ACT-CICERO,ACT-PATULCIUS,undirected_for_graph,medium,direct_borrower_lender,observed,44,strict_private,yes,yes,revision5_typed_relation_rule,strict_private_in_window_financial_relation,yes,revision5_typed_relation_rule
REL-ac568b28fe2dc374,EG-CLEAN-0016,VRB-STAGED-0076,Cic. Att. 14.18.2; Att. 14.20.2,OCC-VRB-STAGED-0076-BORROWER-01,OCC-VRB-STAGED-0076-THIRD_PARTY-01,ACT-CICERO,ACT-ATTICUS,undirected_for_graph,medium,financial_intermediary,observed,44,strict_private,yes,yes,revision5_typed_relation_rule,strict_private_in_window_financial_relation,yes,revision5_typed_relation_rule
REL-28324aac6062ef1d,EG-CLEAN-0016,VRB-STAGED-0076,Cic. Att. 14.18.2; Att. 14.20.2,OCC-VRB-STAGED-0076-LENDER-01,OCC-VRB-STAGED-0076-THIRD_PARTY-01,ACT-PATULCIUS,ACT-ATTICUS,undirected_for_graph,medium,financial_intermediary,observed,44,strict_private,yes,yes,revision5_typed_relation_rule,strict_private_in_window_financial_relation,yes,revision5_typed_relation_rule
REL-99e011c68245672f,EG-CLEAN-0002,VRB-STAGED-0091,Cic. Att. 13.6.2,OCC-VRB-STAGED-0091-BORROWER-01,OCC-VRB-STAGED-0091-LENDER-01,ACT-CATO,ACT-YOUNG-LUCULLUS,undirected_for_graph,high,direct_borrower_lender,observed,45,strict_private,yes,yes,revision5_typed_relation_rule,strict_private_in_window_financial_relation,yes,revision5_typed_relation_rule
