variant_name,metric,metric_rank,node_id,canonical_name,actor_type,value,centrality_rank,direct_record_count,third_party_record_count
cicero_removed_graph,weighted_degree,1,actor_atticus,Atticus,individual,27.000000,2,8,18
cicero_removed_graph,weighted_degree,2,actor_quintus_cicero,Quintus Cicero,family_or_household,16.000000,1,7,2
cicero_removed_graph,weighted_degree,3,actor_brutus,Brutus,individual,8.000000,4,2,1
cicero_removed_graph,weighted_degree,4,actor_tiro,Tiro,freedman_or_agent,8.000000,13,2,5
cicero_removed_graph,weighted_degree,5,actor_cluvius,Cluvius,professional_financier,7.000000,5,4,0
cicero_removed_graph,weighted_degree,6,actor_egnatius,Egnatius,individual,7.000000,8,1,1
cicero_removed_graph,weighted_degree,7,actor_caesar,Caesar,individual,5.000000,11,6,1
cicero_removed_graph,weighted_degree,8,actor_terentia,Terentia,family_or_household,5.000000,36,2,3
cicero_removed_graph,weighted_degree,9,actor_caecilius,Caecilius,individual,5.000000,40,2,0
cicero_removed_graph,weighted_degree,10,actor_plancus,Plancus,individual,4.000000,6,2,0
cicero_removed_graph,weighted_degree,11,actor_pompey,Pompey,individual,4.000000,9,3,1
cicero_removed_graph,weighted_degree,12,actor_caerellia,Caerellia,individual,4.000000,10,2,0
cicero_removed_graph,weighted_degree,13,actor_a_caninius_satyrus,A. Caninius Satyrus,individual,4.000000,18,1,0
cicero_removed_graph,weighted_degree,14,actor_p_varius,P. Varius,individual,4.000000,19,1,0
cicero_removed_graph,weighted_degree,15,actor_salamis,Salamis,civic_body,4.000000,29,1,0
cicero_removed_graph,weighted_degree,16,actor_curius,Curius,individual,4.000000,30,2,1
cicero_removed_graph,weighted_degree,17,actor_borrowers_under_verres_scheme,borrowers under Verres' scheme,collective_group,4.000000,61,1,0
cicero_removed_graph,weighted_degree,18,actor_silius,Silius,individual,4.000000,66,2,2
cicero_removed_graph,weighted_degree,19,actor_marc_antony,Marc Antony,individual,4.000000,83,1,1
cicero_removed_graph,weighted_degree,20,actor_eros,Eros,freedman_or_agent,4.000000,91,0,4
cicero_removed_graph,component_size,1,actor_quintus_cicero,Quintus Cicero,family_or_household,73.000000,1,7,2
cicero_removed_graph,component_size,2,actor_atticus,Atticus,individual,73.000000,2,8,18
cicero_removed_graph,component_size,3,actor_cluvius,Cluvius,professional_financier,73.000000,5,4,0
cicero_removed_graph,component_size,4,actor_plancus,Plancus,individual,73.000000,6,2,0
cicero_removed_graph,component_size,5,actor_scribonius_libo,Scribonius Libo,individual,73.000000,7,1,0
cicero_removed_graph,component_size,6,actor_egnatius,Egnatius,individual,73.000000,8,1,1
cicero_removed_graph,component_size,7,actor_pompey,Pompey,individual,73.000000,9,3,1
cicero_removed_graph,component_size,8,actor_caerellia,Caerellia,individual,73.000000,10,2,0
cicero_removed_graph,component_size,9,actor_caesar,Caesar,individual,73.000000,11,6,1
cicero_removed_graph,component_size,10,actor_tiro,Tiro,freedman_or_agent,73.000000,13,2,5
cicero_removed_graph,component_size,11,actor_p_valerius,P. Valerius,individual,73.000000,14,1,0
cicero_removed_graph,component_size,12,actor_oppius,Oppius,individual,73.000000,15,1,1
cicero_removed_graph,component_size,13,actor_amici,amici,collective_group,73.000000,16,2,0
cicero_removed_graph,component_size,14,actor_dolabella,Dolabella,individual,73.000000,17,3,0
cicero_removed_graph,component_size,15,actor_young_t_pinnius,young T. Pinnius,individual,73.000000,25,1,0
cicero_removed_graph,component_size,16,actor_p_sallustius,P. Sallustius,individual,73.000000,27,1,0
cicero_removed_graph,component_size,17,actor_castricius,Castricius,individual,73.000000,28,1,0
cicero_removed_graph,component_size,18,actor_curius,Curius,individual,73.000000,30,2,1
cicero_removed_graph,component_size,19,actor_l_tullius_montanus,L. Tullius Montanus,individual,73.000000,31,2,0
cicero_removed_graph,component_size,20,actor_caepio,Caepio,individual,73.000000,34,1,0
cicero_removed_graph,pagerank,1,actor_quintus_cicero,Quintus Cicero,family_or_household,0.032701,1,7,2
cicero_removed_graph,pagerank,2,actor_atticus,Atticus,individual,0.027022,2,8,18
cicero_removed_graph,pagerank,3,actor_l_titius_strabo,L. Titius Strabo,individual,0.025305,3,1,0
cicero_removed_graph,pagerank,4,actor_brutus,Brutus,individual,0.022947,4,2,1
cicero_removed_graph,pagerank,5,actor_cluvius,Cluvius,professional_financier,0.021153,5,4,0
cicero_removed_graph,pagerank,6,actor_plancus,Plancus,individual,0.020030,6,2,0
cicero_removed_graph,pagerank,7,actor_scribonius_libo,Scribonius Libo,individual,0.016866,7,1,0
cicero_removed_graph,pagerank,8,actor_egnatius,Egnatius,individual,0.015224,8,1,1
cicero_removed_graph,pagerank,9,actor_pompey,Pompey,individual,0.015115,9,3,1
cicero_removed_graph,pagerank,10,actor_caerellia,Caerellia,individual,0.014750,10,2,0
cicero_removed_graph,pagerank,11,actor_caesar,Caesar,individual,0.014549,11,6,1
cicero_removed_graph,pagerank,12,actor_p_cornelius,P. Cornelius,individual,0.013678,12,1,0
cicero_removed_graph,pagerank,13,actor_tiro,Tiro,freedman_or_agent,0.012513,13,2,5
cicero_removed_graph,pagerank,14,actor_p_valerius,P. Valerius,individual,0.011768,14,1,0
cicero_removed_graph,pagerank,15,actor_oppius,Oppius,individual,0.011709,15,1,1
cicero_removed_graph,pagerank,16,actor_amici,amici,collective_group,0.011234,16,2,0
cicero_removed_graph,pagerank,17,actor_dolabella,Dolabella,individual,0.010849,17,3,0
cicero_removed_graph,pagerank,18,actor_a_caninius_satyrus,A. Caninius Satyrus,individual,0.010350,18,1,0
cicero_removed_graph,pagerank,19,actor_p_varius,P. Varius,individual,0.010350,19,1,0
cicero_removed_graph,pagerank,20,actor_iunius,Iunius,individual,0.010350,20,1,0
cicero_removed_graph,betweenness,1,actor_atticus,Atticus,individual,0.212056,2,8,18
cicero_removed_graph,betweenness,2,actor_quintus_cicero,Quintus Cicero,family_or_household,0.100963,1,7,2
cicero_removed_graph,betweenness,3,actor_tiro,Tiro,freedman_or_agent,0.049995,13,2,5
cicero_removed_graph,betweenness,4,actor_dolabella,Dolabella,individual,0.041184,17,3,0
cicero_removed_graph,betweenness,5,actor_cluvius,Cluvius,professional_financier,0.035606,5,4,0
cicero_removed_graph,betweenness,6,actor_faberius,Faberius,individual,0.035554,65,1,2
cicero_removed_graph,betweenness,7,actor_pompey,Pompey,individual,0.035346,9,3,1
cicero_removed_graph,betweenness,8,actor_terentia,Terentia,family_or_household,0.032061,36,2,3
cicero_removed_graph,betweenness,9,actor_hermogenes,Hermogenes,individual,0.028360,89,0,1
cicero_removed_graph,betweenness,10,actor_caesar,Caesar,individual,0.024989,11,6,1
cicero_removed_graph,betweenness,11,actor_silius,Silius,individual,0.021791,66,2,2
cicero_removed_graph,betweenness,12,actor_q_paconius_lepta,Q. Paconius Lepta,individual,0.021583,90,0,2
cicero_removed_graph,betweenness,13,actor_egnatius,Egnatius,individual,0.020557,8,1,1
cicero_removed_graph,betweenness,14,actor_caerellia,Caerellia,individual,0.019706,10,2,0
cicero_removed_graph,betweenness,15,actor_eros,Eros,freedman_or_agent,0.014701,91,0,4
cicero_removed_graph,betweenness,16,actor_plancus,Plancus,individual,0.014597,6,2,0
cicero_removed_graph,betweenness,17,actor_p_valerius,P. Valerius,individual,0.014597,14,1,0
cicero_removed_graph,betweenness,18,actor_flaminius,Flaminius,individual,0.012981,62,1,1
cicero_removed_graph,betweenness,19,actor_marc_antony,Marc Antony,individual,0.011087,83,1,1
cicero_removed_graph,betweenness,20,actor_l_tullius_montanus,L. Tullius Montanus,individual,0.009697,31,2,0
ciceronian_period_cicero_removed_graph,weighted_degree,1,actor_atticus,Atticus,individual,27.000000,2,8,18
ciceronian_period_cicero_removed_graph,weighted_degree,2,actor_quintus_cicero,Quintus Cicero,family_or_household,16.000000,1,7,2
ciceronian_period_cicero_removed_graph,weighted_degree,3,actor_brutus,Brutus,individual,8.000000,4,2,1
ciceronian_period_cicero_removed_graph,weighted_degree,4,actor_cluvius,Cluvius,professional_financier,7.000000,5,4,0
ciceronian_period_cicero_removed_graph,weighted_degree,5,actor_egnatius,Egnatius,individual,7.000000,8,1,1
ciceronian_period_cicero_removed_graph,weighted_degree,6,actor_tiro,Tiro,freedman_or_agent,6.000000,69,2,5
ciceronian_period_cicero_removed_graph,weighted_degree,7,actor_caesar,Caesar,individual,5.000000,13,6,1
ciceronian_period_cicero_removed_graph,weighted_degree,8,actor_terentia,Terentia,family_or_household,5.000000,31,2,3
ciceronian_period_cicero_removed_graph,weighted_degree,9,actor_caecilius,Caecilius,individual,5.000000,36,2,0
ciceronian_period_cicero_removed_graph,weighted_degree,10,actor_plancus,Plancus,individual,4.000000,6,2,0
ciceronian_period_cicero_removed_graph,weighted_degree,11,actor_pompey,Pompey,individual,4.000000,9,3,1
ciceronian_period_cicero_removed_graph,weighted_degree,12,actor_caerellia,Caerellia,individual,4.000000,10,2,0
ciceronian_period_cicero_removed_graph,weighted_degree,13,actor_a_caninius_satyrus,A. Caninius Satyrus,individual,4.000000,17,1,0
ciceronian_period_cicero_removed_graph,weighted_degree,14,actor_p_varius,P. Varius,individual,4.000000,18,1,0
ciceronian_period_cicero_removed_graph,weighted_degree,15,actor_salamis,Salamis,civic_body,4.000000,26,1,0
ciceronian_period_cicero_removed_graph,weighted_degree,16,actor_borrowers_under_verres_scheme,borrowers under Verres' scheme,collective_group,4.000000,55,1,0
ciceronian_period_cicero_removed_graph,weighted_degree,17,actor_silius,Silius,individual,4.000000,57,2,2
ciceronian_period_cicero_removed_graph,weighted_degree,18,actor_marc_antony,Marc Antony,individual,4.000000,75,1,1
ciceronian_period_cicero_removed_graph,weighted_degree,19,actor_eros,Eros,freedman_or_agent,4.000000,86,0,4
ciceronian_period_cicero_removed_graph,weighted_degree,20,actor_verres,Verres,individual,4.000000,89,0,2
ciceronian_period_cicero_removed_graph,component_size,1,actor_quintus_cicero,Quintus Cicero,family_or_household,72.000000,1,7,2
ciceronian_period_cicero_removed_graph,component_size,2,actor_atticus,Atticus,individual,72.000000,2,8,18
ciceronian_period_cicero_removed_graph,component_size,3,actor_cluvius,Cluvius,professional_financier,72.000000,5,4,0
ciceronian_period_cicero_removed_graph,component_size,4,actor_plancus,Plancus,individual,72.000000,6,2,0
ciceronian_period_cicero_removed_graph,component_size,5,actor_scribonius_libo,Scribonius Libo,individual,72.000000,7,1,0
ciceronian_period_cicero_removed_graph,component_size,6,actor_egnatius,Egnatius,individual,72.000000,8,1,1
ciceronian_period_cicero_removed_graph,component_size,7,actor_pompey,Pompey,individual,72.000000,9,3,1
ciceronian_period_cicero_removed_graph,component_size,8,actor_caerellia,Caerellia,individual,72.000000,10,2,0
ciceronian_period_cicero_removed_graph,component_size,9,actor_p_valerius,P. Valerius,individual,72.000000,12,1,0
ciceronian_period_cicero_removed_graph,component_size,10,actor_caesar,Caesar,individual,72.000000,13,6,1
ciceronian_period_cicero_removed_graph,component_size,11,actor_oppius,Oppius,individual,72.000000,14,1,1
ciceronian_period_cicero_removed_graph,component_size,12,actor_amici,amici,collective_group,72.000000,15,2,0
ciceronian_period_cicero_removed_graph,component_size,13,actor_dolabella,Dolabella,individual,72.000000,16,3,0
ciceronian_period_cicero_removed_graph,component_size,14,actor_young_t_pinnius,young T. Pinnius,individual,72.000000,24,1,0
ciceronian_period_cicero_removed_graph,component_size,15,actor_p_sallustius,P. Sallustius,individual,72.000000,25,1,0
ciceronian_period_cicero_removed_graph,component_size,16,actor_castricius,Castricius,individual,72.000000,27,1,0
ciceronian_period_cicero_removed_graph,component_size,17,actor_l_tullius_montanus,L. Tullius Montanus,individual,72.000000,30,2,0
ciceronian_period_cicero_removed_graph,component_size,18,actor_terentia,Terentia,family_or_household,72.000000,31,2,3
ciceronian_period_cicero_removed_graph,component_size,19,actor_philotimus,Philotimus,freedman_or_agent,72.000000,32,2,1
ciceronian_period_cicero_removed_graph,component_size,20,actor_caepio,Caepio,individual,72.000000,33,1,0
ciceronian_period_cicero_removed_graph,pagerank,1,actor_quintus_cicero,Quintus Cicero,family_or_household,0.032851,1,7,2
ciceronian_period_cicero_removed_graph,pagerank,2,actor_atticus,Atticus,individual,0.028600,2,8,18
ciceronian_period_cicero_removed_graph,pagerank,3,actor_l_titius_strabo,L. Titius Strabo,individual,0.027349,3,1,0
ciceronian_period_cicero_removed_graph,pagerank,4,actor_brutus,Brutus,individual,0.024800,4,2,1
ciceronian_period_cicero_removed_graph,pagerank,5,actor_cluvius,Cluvius,professional_financier,0.022834,5,4,0
ciceronian_period_cicero_removed_graph,pagerank,6,actor_plancus,Plancus,individual,0.020872,6,2,0
ciceronian_period_cicero_removed_graph,pagerank,7,actor_scribonius_libo,Scribonius Libo,individual,0.017948,7,1,0
ciceronian_period_cicero_removed_graph,pagerank,8,actor_egnatius,Egnatius,individual,0.016123,8,1,1
ciceronian_period_cicero_removed_graph,pagerank,9,actor_pompey,Pompey,individual,0.015032,9,3,1
ciceronian_period_cicero_removed_graph,pagerank,10,actor_caerellia,Caerellia,individual,0.014964,10,2,0
ciceronian_period_cicero_removed_graph,pagerank,11,actor_p_cornelius,P. Cornelius,individual,0.014783,11,1,0
ciceronian_period_cicero_removed_graph,pagerank,12,actor_p_valerius,P. Valerius,individual,0.012718,12,1,0
ciceronian_period_cicero_removed_graph,pagerank,13,actor_caesar,Caesar,individual,0.012658,13,6,1
ciceronian_period_cicero_removed_graph,pagerank,14,actor_oppius,Oppius,individual,0.012602,14,1,1
ciceronian_period_cicero_removed_graph,pagerank,15,actor_amici,amici,collective_group,0.011838,15,2,0
ciceronian_period_cicero_removed_graph,pagerank,16,actor_dolabella,Dolabella,individual,0.011699,16,3,0
ciceronian_period_cicero_removed_graph,pagerank,17,actor_a_caninius_satyrus,A. Caninius Satyrus,individual,0.011186,17,1,0
ciceronian_period_cicero_removed_graph,pagerank,18,actor_p_varius,P. Varius,individual,0.011186,18,1,0
ciceronian_period_cicero_removed_graph,pagerank,19,actor_iunius,Iunius,individual,0.011186,19,1,0
ciceronian_period_cicero_removed_graph,pagerank,20,actor_l_lucceius,L. Lucceius,individual,0.011186,20,1,0
ciceronian_period_cicero_removed_graph,betweenness,1,actor_atticus,Atticus,individual,0.233509,2,8,18
ciceronian_period_cicero_removed_graph,betweenness,2,actor_quintus_cicero,Quintus Cicero,family_or_household,0.106851,1,7,2
ciceronian_period_cicero_removed_graph,betweenness,3,actor_tiro,Tiro,freedman_or_agent,0.055432,69,2,5
ciceronian_period_cicero_removed_graph,betweenness,4,actor_dolabella,Dolabella,individual,0.045567,16,3,0
ciceronian_period_cicero_removed_graph,betweenness,5,actor_cluvius,Cluvius,professional_financier,0.039518,5,4,0
ciceronian_period_cicero_removed_graph,betweenness,6,actor_faberius,Faberius,individual,0.039460,56,1,2
ciceronian_period_cicero_removed_graph,betweenness,7,actor_pompey,Pompey,individual,0.039225,9,3,1
ciceronian_period_cicero_removed_graph,betweenness,8,actor_terentia,Terentia,family_or_household,0.035526,31,2,3
ciceronian_period_cicero_removed_graph,betweenness,9,actor_hermogenes,Hermogenes,individual,0.031474,84,0,1
ciceronian_period_cicero_removed_graph,betweenness,10,actor_silius,Silius,individual,0.024193,57,2,2
ciceronian_period_cicero_removed_graph,betweenness,11,actor_q_paconius_lepta,Q. Paconius Lepta,individual,0.023958,85,0,2
ciceronian_period_cicero_removed_graph,betweenness,12,actor_egnatius,Egnatius,individual,0.023038,8,1,1
ciceronian_period_cicero_removed_graph,betweenness,13,actor_caerellia,Caerellia,individual,0.021961,10,2,0
ciceronian_period_cicero_removed_graph,betweenness,14,actor_caesar,Caesar,individual,0.019926,13,6,1
ciceronian_period_cicero_removed_graph,betweenness,15,actor_eros,Eros,freedman_or_agent,0.016324,86,0,4
ciceronian_period_cicero_removed_graph,betweenness,16,actor_plancus,Plancus,individual,0.016207,6,2,0
ciceronian_period_cicero_removed_graph,betweenness,17,actor_p_valerius,P. Valerius,individual,0.016207,12,1,0
ciceronian_period_cicero_removed_graph,betweenness,18,actor_flaminius,Flaminius,individual,0.014445,78,1,1
ciceronian_period_cicero_removed_graph,betweenness,19,actor_marc_antony,Marc Antony,individual,0.012429,75,1,1
ciceronian_period_cicero_removed_graph,betweenness,20,actor_l_tullius_montanus,L. Tullius Montanus,individual,0.010746,30,2,0
ciceronian_period_graph,weighted_degree,1,actor_cicero,Cicero,individual,129.000000,1,49,22
ciceronian_period_graph,weighted_degree,2,actor_atticus,Atticus,individual,45.000000,4,8,18
ciceronian_period_graph,weighted_degree,3,actor_quintus_cicero,Quintus Cicero,family_or_household,22.000000,2,7,2
ciceronian_period_graph,weighted_degree,4,actor_tiro,Tiro,freedman_or_agent,11.000000,99,2,5
ciceronian_period_graph,weighted_degree,5,actor_brutus,Brutus,individual,9.000000,5,2,1
ciceronian_period_graph,weighted_degree,6,actor_egnatius,Egnatius,individual,9.000000,10,1,1
ciceronian_period_graph,weighted_degree,7,actor_cluvius,Cluvius,professional_financier,8.000000,6,4,0
ciceronian_period_graph,weighted_degree,8,actor_eros,Eros,freedman_or_agent,8.000000,103,0,4
ciceronian_period_graph,weighted_degree,9,actor_terentia,Terentia,family_or_household,7.000000,61,2,3
ciceronian_period_graph,weighted_degree,10,actor_caesar,Caesar,individual,6.000000,11,6,1
ciceronian_period_graph,weighted_degree,11,actor_caerellia,Caerellia,individual,6.000000,14,2,0
ciceronian_period_graph,weighted_degree,12,actor_caecilius,Caecilius,individual,6.000000,30,2,0
ciceronian_period_graph,weighted_degree,13,actor_dolabella,Dolabella,individual,6.000000,34,3,0
ciceronian_period_graph,weighted_degree,14,actor_silius,Silius,individual,6.000000,38,2,2
ciceronian_period_graph,weighted_degree,15,actor_faberius,Faberius,individual,6.000000,59,1,2
ciceronian_period_graph,weighted_degree,16,actor_philotimus,Philotimus,freedman_or_agent,6.000000,62,2,1
ciceronian_period_graph,weighted_degree,17,actor_plancus,Plancus,individual,5.000000,7,2,0
ciceronian_period_graph,weighted_degree,18,actor_pompey,Pompey,individual,5.000000,9,3,1
ciceronian_period_graph,weighted_degree,19,actor_salamis,Salamis,civic_body,5.000000,24,1,0
ciceronian_period_graph,weighted_degree,20,actor_oppius,Oppius,individual,5.000000,46,1,1
ciceronian_period_graph,component_size,1,actor_cicero,Cicero,individual,118.000000,1,49,22
ciceronian_period_graph,component_size,2,actor_quintus_cicero,Quintus Cicero,family_or_household,118.000000,2,7,2
ciceronian_period_graph,component_size,3,actor_l_titius_strabo,L. Titius Strabo,individual,118.000000,3,1,0
ciceronian_period_graph,component_size,4,actor_atticus,Atticus,individual,118.000000,4,8,18
ciceronian_period_graph,component_size,5,actor_brutus,Brutus,individual,118.000000,5,2,1
ciceronian_period_graph,component_size,6,actor_cluvius,Cluvius,professional_financier,118.000000,6,4,0
ciceronian_period_graph,component_size,7,actor_plancus,Plancus,individual,118.000000,7,2,0
ciceronian_period_graph,component_size,8,actor_p_cornelius,P. Cornelius,individual,118.000000,8,1,0
ciceronian_period_graph,component_size,9,actor_pompey,Pompey,individual,118.000000,9,3,1
ciceronian_period_graph,component_size,10,actor_egnatius,Egnatius,individual,118.000000,10,1,1
ciceronian_period_graph,component_size,11,actor_caesar,Caesar,individual,118.000000,11,6,1
ciceronian_period_graph,component_size,12,actor_p_valerius,P. Valerius,individual,118.000000,12,1,0
ciceronian_period_graph,component_size,13,actor_young_t_pinnius,young T. Pinnius,individual,118.000000,13,1,0
ciceronian_period_graph,component_size,14,actor_caerellia,Caerellia,individual,118.000000,14,2,0
ciceronian_period_graph,component_size,15,actor_iunius,Iunius,individual,118.000000,15,1,0
ciceronian_period_graph,component_size,16,actor_l_lucceius,L. Lucceius,individual,118.000000,16,1,0
ciceronian_period_graph,component_size,17,actor_publicani,publicani,collective_group,118.000000,17,1,0
ciceronian_period_graph,component_size,18,actor_amici,amici,collective_group,118.000000,18,2,0
ciceronian_period_graph,component_size,19,actor_a_caninius_satyrus,A. Caninius Satyrus,individual,118.000000,19,1,0
ciceronian_period_graph,component_size,20,actor_p_varius,P. Varius,individual,118.000000,20,1,0
ciceronian_period_graph,pagerank,1,actor_cicero,Cicero,individual,0.091307,1,49,22
ciceronian_period_graph,pagerank,2,actor_quintus_cicero,Quintus Cicero,family_or_household,0.026162,2,7,2
ciceronian_period_graph,pagerank,3,actor_l_titius_strabo,L. Titius Strabo,individual,0.026044,3,1,0
ciceronian_period_graph,pagerank,4,actor_atticus,Atticus,individual,0.025561,4,8,18
ciceronian_period_graph,pagerank,5,actor_brutus,Brutus,individual,0.022398,5,2,1
ciceronian_period_graph,pagerank,6,actor_cluvius,Cluvius,professional_financier,0.019521,6,4,0
ciceronian_period_graph,pagerank,7,actor_plancus,Plancus,individual,0.016959,7,2,0
ciceronian_period_graph,pagerank,8,actor_p_cornelius,P. Cornelius,individual,0.014078,8,1,0
ciceronian_period_graph,pagerank,9,actor_pompey,Pompey,individual,0.013220,9,3,1
ciceronian_period_graph,pagerank,10,actor_egnatius,Egnatius,individual,0.013156,10,1,1
ciceronian_period_graph,pagerank,11,actor_caesar,Caesar,individual,0.012395,11,6,1
ciceronian_period_graph,pagerank,12,actor_p_valerius,P. Valerius,individual,0.012149,12,1,0
ciceronian_period_graph,pagerank,13,actor_young_t_pinnius,young T. Pinnius,individual,0.011899,13,1,0
ciceronian_period_graph,pagerank,14,actor_caerellia,Caerellia,individual,0.011614,14,2,0
ciceronian_period_graph,pagerank,15,actor_iunius,Iunius,individual,0.011182,15,1,0
ciceronian_period_graph,pagerank,16,actor_l_lucceius,L. Lucceius,individual,0.011182,16,1,0
ciceronian_period_graph,pagerank,17,actor_publicani,publicani,collective_group,0.011182,17,1,0
ciceronian_period_graph,pagerank,18,actor_amici,amici,collective_group,0.010001,18,2,0
ciceronian_period_graph,pagerank,19,actor_a_caninius_satyrus,A. Caninius Satyrus,individual,0.009667,19,1,0
ciceronian_period_graph,pagerank,20,actor_p_varius,P. Varius,individual,0.009667,20,1,0
ciceronian_period_graph,betweenness,1,actor_cicero,Cicero,individual,0.598736,1,49,22
ciceronian_period_graph,betweenness,2,actor_atticus,Atticus,individual,0.063975,4,8,18
ciceronian_period_graph,betweenness,3,actor_cluvius,Cluvius,professional_financier,0.055796,6,4,0
ciceronian_period_graph,betweenness,4,actor_caecilius,Caecilius,individual,0.055279,30,2,0
ciceronian_period_graph,betweenness,5,actor_brutus,Brutus,individual,0.039594,5,2,1
ciceronian_period_graph,betweenness,6,actor_caesar,Caesar,individual,0.025615,11,6,1
ciceronian_period_graph,betweenness,7,actor_quintus_cicero,Quintus Cicero,family_or_household,0.023702,2,7,2
ciceronian_period_graph,betweenness,8,actor_pompey,Pompey,individual,0.022834,9,3,1
ciceronian_period_graph,betweenness,9,actor_salamis,Salamis,civic_body,0.016251,24,1,0
ciceronian_period_graph,betweenness,10,actor_egnatius,Egnatius,individual,0.015754,10,1,1
ciceronian_period_graph,betweenness,11,actor_caerellia,Caerellia,individual,0.011630,14,2,0
ciceronian_period_graph,betweenness,12,actor_amici,amici,collective_group,0.011425,18,2,0
ciceronian_period_graph,betweenness,13,actor_caelius,Caelius,individual,0.011425,58,3,1
ciceronian_period_graph,betweenness,14,actor_p_sulla,P. Sulla,individual,0.011425,77,1,1
ciceronian_period_graph,betweenness,15,actor_m_anneius,M. Anneius,individual,0.010851,25,1,1
ciceronian_period_graph,betweenness,16,actor_plancus,Plancus,individual,0.009074,7,2,0
ciceronian_period_graph,betweenness,17,actor_marc_antony,Marc Antony,individual,0.008579,94,1,1
ciceronian_period_graph,betweenness,18,actor_tiro,Tiro,freedman_or_agent,0.005837,99,2,5
ciceronian_period_graph,betweenness,19,actor_iunius,Iunius,individual,0.005663,15,1,0
ciceronian_period_graph,betweenness,20,actor_l_lucceius,L. Lucceius,individual,0.005663,16,1,0
combined_transaction_graph,weighted_degree,1,actor_cicero,Cicero,individual,129.000000,1,49,22
combined_transaction_graph,weighted_degree,2,actor_atticus,Atticus,individual,45.000000,4,8,18
combined_transaction_graph,weighted_degree,3,actor_quintus_cicero,Quintus Cicero,family_or_household,22.000000,2,7,2
combined_transaction_graph,weighted_degree,4,actor_tiro,Tiro,freedman_or_agent,13.000000,26,2,5
combined_transaction_graph,weighted_degree,5,actor_brutus,Brutus,individual,9.000000,5,2,1
combined_transaction_graph,weighted_degree,6,actor_egnatius,Egnatius,individual,9.000000,11,1,1
combined_transaction_graph,weighted_degree,7,actor_cluvius,Cluvius,professional_financier,8.000000,6,4,0
combined_transaction_graph,weighted_degree,8,actor_eros,Eros,freedman_or_agent,8.000000,107,0,4
combined_transaction_graph,weighted_degree,9,actor_terentia,Terentia,family_or_household,7.000000,68,2,3
combined_transaction_graph,weighted_degree,10,actor_caesar,Caesar,individual,6.000000,8,6,1
combined_transaction_graph,weighted_degree,11,actor_caerellia,Caerellia,individual,6.000000,13,2,0
combined_transaction_graph,weighted_degree,12,actor_caecilius,Caecilius,individual,6.000000,33,2,0
combined_transaction_graph,weighted_degree,13,actor_dolabella,Dolabella,individual,6.000000,37,3,0
combined_transaction_graph,weighted_degree,14,actor_silius,Silius,individual,6.000000,41,2,2
combined_transaction_graph,weighted_degree,15,actor_faberius,Faberius,individual,6.000000,67,1,2
combined_transaction_graph,weighted_degree,16,actor_philotimus,Philotimus,freedman_or_agent,6.000000,69,2,1
combined_transaction_graph,weighted_degree,17,actor_plancus,Plancus,individual,5.000000,7,2,0
combined_transaction_graph,weighted_degree,18,actor_pompey,Pompey,individual,5.000000,9,3,1
combined_transaction_graph,weighted_degree,19,actor_salamis,Salamis,civic_body,5.000000,24,1,0
combined_transaction_graph,weighted_degree,20,actor_oppius,Oppius,individual,5.000000,44,1,1
combined_transaction_graph,component_size,1,actor_cicero,Cicero,individual,119.000000,1,49,22
combined_transaction_graph,component_size,2,actor_quintus_cicero,Quintus Cicero,family_or_household,119.000000,2,7,2
combined_transaction_graph,component_size,3,actor_l_titius_strabo,L. Titius Strabo,individual,119.000000,3,1,0
combined_transaction_graph,component_size,4,actor_atticus,Atticus,individual,119.000000,4,8,18
combined_transaction_graph,component_size,5,actor_brutus,Brutus,individual,119.000000,5,2,1
combined_transaction_graph,component_size,6,actor_cluvius,Cluvius,professional_financier,119.000000,6,4,0
combined_transaction_graph,component_size,7,actor_plancus,Plancus,individual,119.000000,7,2,0
combined_transaction_graph,component_size,8,actor_caesar,Caesar,individual,119.000000,8,6,1
combined_transaction_graph,component_size,9,actor_pompey,Pompey,individual,119.000000,9,3,1
combined_transaction_graph,component_size,10,actor_p_cornelius,P. Cornelius,individual,119.000000,10,1,0
combined_transaction_graph,component_size,11,actor_egnatius,Egnatius,individual,119.000000,11,1,1
combined_transaction_graph,component_size,12,actor_p_valerius,P. Valerius,individual,119.000000,12,1,0
combined_transaction_graph,component_size,13,actor_caerellia,Caerellia,individual,119.000000,13,2,0
combined_transaction_graph,component_size,14,actor_young_t_pinnius,young T. Pinnius,individual,119.000000,14,1,0
combined_transaction_graph,component_size,15,actor_iunius,Iunius,individual,119.000000,15,1,0
combined_transaction_graph,component_size,16,actor_l_lucceius,L. Lucceius,individual,119.000000,16,1,0
combined_transaction_graph,component_size,17,actor_publicani,publicani,collective_group,119.000000,17,1,0
combined_transaction_graph,component_size,18,actor_amici,amici,collective_group,119.000000,18,2,0
combined_transaction_graph,component_size,19,actor_a_caninius_satyrus,A. Caninius Satyrus,individual,119.000000,19,1,0
combined_transaction_graph,component_size,20,actor_p_varius,P. Varius,individual,119.000000,20,1,0
combined_transaction_graph,pagerank,1,actor_cicero,Cicero,individual,0.088585,1,49,22
combined_transaction_graph,pagerank,2,actor_quintus_cicero,Quintus Cicero,family_or_household,0.026202,2,7,2
combined_transaction_graph,pagerank,3,actor_l_titius_strabo,L. Titius Strabo,individual,0.024544,3,1,0
combined_transaction_graph,pagerank,4,actor_atticus,Atticus,individual,0.024496,4,8,18
combined_transaction_graph,pagerank,5,actor_brutus,Brutus,individual,0.021074,5,2,1
combined_transaction_graph,pagerank,6,actor_cluvius,Cluvius,professional_financier,0.018360,6,4,0
combined_transaction_graph,pagerank,7,actor_plancus,Plancus,individual,0.016140,7,2,0
combined_transaction_graph,pagerank,8,actor_caesar,Caesar,individual,0.014059,8,6,1
combined_transaction_graph,pagerank,9,actor_pompey,Pompey,individual,0.013435,9,3,1
combined_transaction_graph,pagerank,10,actor_p_cornelius,P. Cornelius,individual,0.013267,10,1,0
combined_transaction_graph,pagerank,11,actor_egnatius,Egnatius,individual,0.012553,11,1,1
combined_transaction_graph,pagerank,12,actor_p_valerius,P. Valerius,individual,0.011451,12,1,0
combined_transaction_graph,pagerank,13,actor_caerellia,Caerellia,individual,0.011286,13,2,0
combined_transaction_graph,pagerank,14,actor_young_t_pinnius,young T. Pinnius,individual,0.011261,14,1,0
combined_transaction_graph,pagerank,15,actor_iunius,Iunius,individual,0.010552,15,1,0
combined_transaction_graph,pagerank,16,actor_l_lucceius,L. Lucceius,individual,0.010552,16,1,0
combined_transaction_graph,pagerank,17,actor_publicani,publicani,collective_group,0.010552,17,1,0
combined_transaction_graph,pagerank,18,actor_amici,amici,collective_group,0.009572,18,2,0
combined_transaction_graph,pagerank,19,actor_a_caninius_satyrus,A. Caninius Satyrus,individual,0.009083,19,1,0
combined_transaction_graph,pagerank,20,actor_p_varius,P. Varius,individual,0.009083,20,1,0
combined_transaction_graph,betweenness,1,actor_cicero,Cicero,individual,0.546355,1,49,22
combined_transaction_graph,betweenness,2,actor_atticus,Atticus,individual,0.057619,4,8,18
combined_transaction_graph,betweenness,3,actor_cluvius,Cluvius,professional_financier,0.050464,6,4,0
combined_transaction_graph,betweenness,4,actor_caecilius,Caecilius,individual,0.050000,33,2,0
combined_transaction_graph,betweenness,5,actor_brutus,Brutus,individual,0.035806,5,2,1
combined_transaction_graph,betweenness,6,actor_caesar,Caesar,individual,0.023538,8,6,1
combined_transaction_graph,betweenness,7,actor_quintus_cicero,Quintus Cicero,family_or_household,0.021426,2,7,2
combined_transaction_graph,betweenness,8,actor_pompey,Pompey,individual,0.020648,9,3,1
combined_transaction_graph,betweenness,9,actor_salamis,Salamis,civic_body,0.014702,24,1,0
combined_transaction_graph,betweenness,10,actor_egnatius,Egnatius,individual,0.014212,11,1,1
combined_transaction_graph,betweenness,11,actor_caerellia,Caerellia,individual,0.010515,13,2,0
combined_transaction_graph,betweenness,12,actor_amici,amici,collective_group,0.010331,18,2,0
combined_transaction_graph,betweenness,13,actor_crassus,Crassus,individual,0.010331,32,2,1
combined_transaction_graph,betweenness,14,actor_caelius,Caelius,individual,0.010331,63,3,1
combined_transaction_graph,betweenness,15,actor_p_sulla,P. Sulla,individual,0.010331,84,1,1
combined_transaction_graph,betweenness,16,actor_m_anneius,M. Anneius,individual,0.009816,27,1,1
combined_transaction_graph,betweenness,17,actor_plancus,Plancus,individual,0.008209,7,2,0
combined_transaction_graph,betweenness,18,actor_marc_antony,Marc Antony,individual,0.007691,99,1,1
combined_transaction_graph,betweenness,19,actor_tiro,Tiro,freedman_or_agent,0.005277,26,2,5
combined_transaction_graph,betweenness,20,actor_iunius,Iunius,individual,0.005121,15,1,0
comparative_or_undated_graph,weighted_degree,1,actor_curius,Curius,individual,2.000000,1,2,1
comparative_or_undated_graph,weighted_degree,2,actor_tiro,Tiro,freedman_or_agent,2.000000,2,2,5
comparative_or_undated_graph,weighted_degree,3,actor_cato_the_younger,Cato the Younger,individual,2.000000,3,2,0
comparative_or_undated_graph,weighted_degree,4,actor_friends_of_cato,friends of Cato,collective_group,2.000000,8,1,1
comparative_or_undated_graph,weighted_degree,5,actor_crassus,Crassus,individual,1.000000,4,2,1
comparative_or_undated_graph,weighted_degree,6,actor_marcius_philippus,Marcius Philippus,individual,1.000000,5,1,0
comparative_or_undated_graph,weighted_degree,7,actor_pliny_s_mother_in_law,Pliny's mother-in-law,individual,1.000000,6,1,0
comparative_or_undated_graph,weighted_degree,8,actor_faeneratores_at_the_ianus_medius,faeneratores at the Ianus medius,individual,1.000000,7,1,0
comparative_or_undated_graph,weighted_degree,9,actor_crassus_amici,Crassus' amici,collective_group,1.000000,9,1,0
comparative_or_undated_graph,weighted_degree,10,actor_damasippus,Damasippus,individual,1.000000,10,1,0
comparative_or_undated_graph,weighted_degree,11,actor_pliny,Pliny,individual,1.000000,11,1,0
comparative_or_undated_graph,weighted_degree,12,actor_volteius_mena,Volteius Mena,individual,1.000000,12,1,0
comparative_or_undated_graph,component_size,1,actor_curius,Curius,individual,2.000000,1,2,1
comparative_or_undated_graph,component_size,2,actor_tiro,Tiro,freedman_or_agent,2.000000,2,2,5
comparative_or_undated_graph,component_size,3,actor_cato_the_younger,Cato the Younger,individual,2.000000,3,2,0
comparative_or_undated_graph,component_size,4,actor_crassus,Crassus,individual,2.000000,4,2,1
comparative_or_undated_graph,component_size,5,actor_marcius_philippus,Marcius Philippus,individual,2.000000,5,1,0
comparative_or_undated_graph,component_size,6,actor_pliny_s_mother_in_law,Pliny's mother-in-law,individual,2.000000,6,1,0
comparative_or_undated_graph,component_size,7,actor_faeneratores_at_the_ianus_medius,faeneratores at the Ianus medius,individual,2.000000,7,1,0
comparative_or_undated_graph,component_size,8,actor_friends_of_cato,friends of Cato,collective_group,2.000000,8,1,1
comparative_or_undated_graph,component_size,9,actor_crassus_amici,Crassus' amici,collective_group,2.000000,9,1,0
comparative_or_undated_graph,component_size,10,actor_damasippus,Damasippus,individual,2.000000,10,1,0
comparative_or_undated_graph,component_size,11,actor_pliny,Pliny,individual,2.000000,11,1,0
comparative_or_undated_graph,component_size,12,actor_volteius_mena,Volteius Mena,individual,2.000000,12,1,0
comparative_or_undated_graph,pagerank,1,actor_curius,Curius,individual,0.241692,1,2,1
comparative_or_undated_graph,pagerank,2,actor_tiro,Tiro,freedman_or_agent,0.241692,2,2,5
comparative_or_undated_graph,pagerank,3,actor_cato_the_younger,Cato the Younger,individual,0.067069,3,2,0
comparative_or_undated_graph,pagerank,4,actor_crassus,Crassus,individual,0.067069,4,2,1
comparative_or_undated_graph,pagerank,5,actor_marcius_philippus,Marcius Philippus,individual,0.067069,5,1,0
comparative_or_undated_graph,pagerank,6,actor_pliny_s_mother_in_law,Pliny's mother-in-law,individual,0.067069,6,1,0
comparative_or_undated_graph,pagerank,7,actor_faeneratores_at_the_ianus_medius,faeneratores at the Ianus medius,individual,0.067069,7,1,0
comparative_or_undated_graph,pagerank,8,actor_friends_of_cato,friends of Cato,collective_group,0.036254,8,1,1
comparative_or_undated_graph,pagerank,9,actor_crassus_amici,Crassus' amici,collective_group,0.036254,9,1,0
comparative_or_undated_graph,pagerank,10,actor_damasippus,Damasippus,individual,0.036254,10,1,0
comparative_or_undated_graph,pagerank,11,actor_pliny,Pliny,individual,0.036254,11,1,0
comparative_or_undated_graph,pagerank,12,actor_volteius_mena,Volteius Mena,individual,0.036254,12,1,0
comparative_or_undated_graph,betweenness,1,actor_curius,Curius,individual,0.000000,1,2,1
comparative_or_undated_graph,betweenness,2,actor_tiro,Tiro,freedman_or_agent,0.000000,2,2,5
comparative_or_undated_graph,betweenness,3,actor_cato_the_younger,Cato the Younger,individual,0.000000,3,2,0
comparative_or_undated_graph,betweenness,4,actor_crassus,Crassus,individual,0.000000,4,2,1
comparative_or_undated_graph,betweenness,5,actor_marcius_philippus,Marcius Philippus,individual,0.000000,5,1,0
comparative_or_undated_graph,betweenness,6,actor_pliny_s_mother_in_law,Pliny's mother-in-law,individual,0.000000,6,1,0
comparative_or_undated_graph,betweenness,7,actor_faeneratores_at_the_ianus_medius,faeneratores at the Ianus medius,individual,0.000000,7,1,0
comparative_or_undated_graph,betweenness,8,actor_friends_of_cato,friends of Cato,collective_group,0.000000,8,1,1
comparative_or_undated_graph,betweenness,9,actor_crassus_amici,Crassus' amici,collective_group,0.000000,9,1,0
comparative_or_undated_graph,betweenness,10,actor_damasippus,Damasippus,individual,0.000000,10,1,0
comparative_or_undated_graph,betweenness,11,actor_pliny,Pliny,individual,0.000000,11,1,0
comparative_or_undated_graph,betweenness,12,actor_volteius_mena,Volteius Mena,individual,0.000000,12,1,0
core_only_graph,weighted_degree,1,actor_cicero,Cicero,individual,129.000000,1,49,22
core_only_graph,weighted_degree,2,actor_atticus,Atticus,individual,45.000000,3,8,18
core_only_graph,weighted_degree,3,actor_quintus_cicero,Quintus Cicero,family_or_household,22.000000,5,7,2
core_only_graph,weighted_degree,4,actor_tiro,Tiro,freedman_or_agent,13.000000,22,2,5
core_only_graph,weighted_degree,5,actor_brutus,Brutus,individual,9.000000,4,2,1
core_only_graph,weighted_degree,6,actor_egnatius,Egnatius,individual,9.000000,9,1,1
core_only_graph,weighted_degree,7,actor_cluvius,Cluvius,professional_financier,8.000000,6,4,0
core_only_graph,weighted_degree,8,actor_eros,Eros,freedman_or_agent,8.000000,102,0,4
core_only_graph,weighted_degree,9,actor_terentia,Terentia,family_or_household,7.000000,63,2,3
core_only_graph,weighted_degree,10,actor_caerellia,Caerellia,individual,6.000000,11,2,0
core_only_graph,weighted_degree,11,actor_caecilius,Caecilius,individual,6.000000,28,2,0
core_only_graph,weighted_degree,12,actor_dolabella,Dolabella,individual,6.000000,33,3,0
core_only_graph,weighted_degree,13,actor_silius,Silius,individual,6.000000,35,2,2
core_only_graph,weighted_degree,14,actor_faberius,Faberius,individual,6.000000,62,1,2
core_only_graph,weighted_degree,15,actor_philotimus,Philotimus,freedman_or_agent,6.000000,64,2,1
core_only_graph,weighted_degree,16,actor_plancus,Plancus,individual,5.000000,7,2,0
core_only_graph,weighted_degree,17,actor_pompey,Pompey,individual,5.000000,16,3,1
core_only_graph,weighted_degree,18,actor_salamis,Salamis,civic_body,5.000000,21,1,0
core_only_graph,weighted_degree,19,actor_oppius,Oppius,individual,5.000000,50,1,1
core_only_graph,weighted_degree,20,actor_q_axius,Q. Axius,individual,5.000000,80,1,2
core_only_graph,component_size,1,actor_cicero,Cicero,individual,117.000000,1,49,22
core_only_graph,component_size,2,actor_l_titius_strabo,L. Titius Strabo,individual,117.000000,2,1,0
core_only_graph,component_size,3,actor_atticus,Atticus,individual,117.000000,3,8,18
core_only_graph,component_size,4,actor_brutus,Brutus,individual,117.000000,4,2,1
core_only_graph,component_size,5,actor_quintus_cicero,Quintus Cicero,family_or_household,117.000000,5,7,2
core_only_graph,component_size,6,actor_cluvius,Cluvius,professional_financier,117.000000,6,4,0
core_only_graph,component_size,7,actor_plancus,Plancus,individual,117.000000,7,2,0
core_only_graph,component_size,8,actor_p_cornelius,P. Cornelius,individual,117.000000,8,1,0
core_only_graph,component_size,9,actor_egnatius,Egnatius,individual,117.000000,9,1,1
core_only_graph,component_size,10,actor_p_valerius,P. Valerius,individual,117.000000,10,1,0
core_only_graph,component_size,11,actor_caerellia,Caerellia,individual,117.000000,11,2,0
core_only_graph,component_size,12,actor_young_t_pinnius,young T. Pinnius,individual,117.000000,12,1,0
core_only_graph,component_size,13,actor_iunius,Iunius,individual,117.000000,13,1,0
core_only_graph,component_size,14,actor_l_lucceius,L. Lucceius,individual,117.000000,14,1,0
core_only_graph,component_size,15,actor_publicani,publicani,collective_group,117.000000,15,1,0
core_only_graph,component_size,16,actor_pompey,Pompey,individual,117.000000,16,3,1
core_only_graph,component_size,17,actor_a_caninius_satyrus,A. Caninius Satyrus,individual,117.000000,17,1,0
core_only_graph,component_size,18,actor_p_varius,P. Varius,individual,117.000000,18,1,0
core_only_graph,component_size,19,actor_amici,amici,collective_group,117.000000,19,2,0
core_only_graph,component_size,20,actor_salamis,Salamis,civic_body,117.000000,21,1,0
core_only_graph,pagerank,1,actor_cicero,Cicero,individual,0.091305,1,49,22
core_only_graph,pagerank,2,actor_l_titius_strabo,L. Titius Strabo,individual,0.026388,2,1,0
core_only_graph,pagerank,3,actor_atticus,Atticus,individual,0.025180,3,8,18
core_only_graph,pagerank,4,actor_brutus,Brutus,individual,0.022710,4,2,1
core_only_graph,pagerank,5,actor_quintus_cicero,Quintus Cicero,family_or_household,0.021602,5,7,2
core_only_graph,pagerank,6,actor_cluvius,Cluvius,professional_financier,0.019782,6,4,0
core_only_graph,pagerank,7,actor_plancus,Plancus,individual,0.017361,7,2,0
core_only_graph,pagerank,8,actor_p_cornelius,P. Cornelius,individual,0.014264,8,1,0
core_only_graph,pagerank,9,actor_egnatius,Egnatius,individual,0.012847,9,1,1
core_only_graph,pagerank,10,actor_p_valerius,P. Valerius,individual,0.012309,10,1,0
core_only_graph,pagerank,11,actor_caerellia,Caerellia,individual,0.012091,11,2,0
core_only_graph,pagerank,12,actor_young_t_pinnius,young T. Pinnius,individual,0.012034,12,1,0
core_only_graph,pagerank,13,actor_iunius,Iunius,individual,0.011322,13,1,0
core_only_graph,pagerank,14,actor_l_lucceius,L. Lucceius,individual,0.011322,14,1,0
core_only_graph,pagerank,15,actor_publicani,publicani,collective_group,0.011322,15,1,0
core_only_graph,pagerank,16,actor_pompey,Pompey,individual,0.010034,16,3,1
core_only_graph,pagerank,17,actor_a_caninius_satyrus,A. Caninius Satyrus,individual,0.009807,17,1,0
core_only_graph,pagerank,18,actor_p_varius,P. Varius,individual,0.009807,18,1,0
core_only_graph,pagerank,19,actor_amici,amici,collective_group,0.009669,19,2,0
core_only_graph,pagerank,20,actor_roman_state,Roman state,public_body,0.009356,20,1,0
core_only_graph,betweenness,1,actor_cicero,Cicero,individual,0.588314,1,49,22
core_only_graph,betweenness,2,actor_atticus,Atticus,individual,0.077967,3,8,18
core_only_graph,betweenness,3,actor_cluvius,Cluvius,professional_financier,0.055304,6,4,0
core_only_graph,betweenness,4,actor_caecilius,Caecilius,individual,0.054787,28,2,0
core_only_graph,betweenness,5,actor_brutus,Brutus,individual,0.039249,4,2,1
core_only_graph,betweenness,6,actor_quintus_cicero,Quintus Cicero,family_or_household,0.023072,5,7,2
core_only_graph,betweenness,7,actor_pompey,Pompey,individual,0.022506,16,3,1
core_only_graph,betweenness,8,actor_marc_antony,Marc Antony,individual,0.022456,72,1,1
core_only_graph,betweenness,9,actor_egnatius,Egnatius,individual,0.016112,9,1,1
core_only_graph,betweenness,10,actor_salamis,Salamis,civic_body,0.016104,21,1,0
core_only_graph,betweenness,11,actor_caerellia,Caerellia,individual,0.011532,11,2,0
core_only_graph,betweenness,12,actor_amici,amici,collective_group,0.011327,19,2,0
core_only_graph,betweenness,13,actor_caelius,Caelius,individual,0.011327,60,3,1
core_only_graph,betweenness,14,actor_p_sulla,P. Sulla,individual,0.011327,79,1,1
core_only_graph,betweenness,15,actor_m_anneius,M. Anneius,individual,0.010883,24,1,1
core_only_graph,betweenness,16,actor_plancus,Plancus,individual,0.008968,7,2,0
core_only_graph,betweenness,17,actor_tiro,Tiro,freedman_or_agent,0.006133,22,2,5
core_only_graph,betweenness,18,actor_iunius,Iunius,individual,0.005614,13,1,0
core_only_graph,betweenness,19,actor_l_lucceius,L. Lucceius,individual,0.005614,14,1,0
core_only_graph,betweenness,20,actor_publicani,publicani,collective_group,0.005614,15,1,0
direct_borrower_lender_graph,weighted_degree,1,actor_cicero,Cicero,individual,47.000000,1,49,22
direct_borrower_lender_graph,weighted_degree,2,actor_atticus,Atticus,individual,8.000000,2,8,18
direct_borrower_lender_graph,weighted_degree,3,actor_quintus_cicero,Quintus Cicero,family_or_household,6.000000,69,7,2
direct_borrower_lender_graph,weighted_degree,4,actor_caesar,Caesar,individual,4.000000,4,6,1
direct_borrower_lender_graph,weighted_degree,5,actor_caecilius,Caecilius,individual,3.000000,40,2,0
direct_borrower_lender_graph,weighted_degree,6,actor_dolabella,Dolabella,individual,3.000000,42,3,0
direct_borrower_lender_graph,weighted_degree,7,actor_pompey,Pompey,individual,2.000000,3,3,1
direct_borrower_lender_graph,weighted_degree,8,actor_brutus,Brutus,individual,2.000000,5,2,1
direct_borrower_lender_graph,weighted_degree,9,actor_cluvius,Cluvius,professional_financier,2.000000,6,4,0
direct_borrower_lender_graph,weighted_degree,10,actor_plancus,Plancus,individual,2.000000,7,2,0
direct_borrower_lender_graph,weighted_degree,11,actor_crassus,Crassus,individual,2.000000,9,2,1
direct_borrower_lender_graph,weighted_degree,12,actor_amici,amici,collective_group,2.000000,10,2,0
direct_borrower_lender_graph,weighted_degree,13,actor_cato_the_younger,Cato the Younger,individual,2.000000,12,2,0
direct_borrower_lender_graph,weighted_degree,14,actor_curius,Curius,individual,2.000000,13,2,1
direct_borrower_lender_graph,weighted_degree,15,actor_publilius,Publilius,individual,2.000000,34,2,0
direct_borrower_lender_graph,weighted_degree,16,actor_silius,Silius,individual,2.000000,35,2,2
direct_borrower_lender_graph,weighted_degree,17,actor_caelius,Caelius,individual,2.000000,41,3,1
direct_borrower_lender_graph,weighted_degree,18,actor_heraclides,Heraclides,individual,2.000000,70,1,0
direct_borrower_lender_graph,weighted_degree,19,actor_borrowers_under_verres_scheme,borrowers under Verres' scheme,collective_group,2.000000,71,1,0
direct_borrower_lender_graph,weighted_degree,20,actor_philotimus,Philotimus,freedman_or_agent,2.000000,72,2,1
direct_borrower_lender_graph,component_size,1,actor_cicero,Cicero,individual,54.000000,1,49,22
direct_borrower_lender_graph,component_size,2,actor_atticus,Atticus,individual,54.000000,2,8,18
direct_borrower_lender_graph,component_size,3,actor_pompey,Pompey,individual,54.000000,3,3,1
direct_borrower_lender_graph,component_size,4,actor_caesar,Caesar,individual,54.000000,4,6,1
direct_borrower_lender_graph,component_size,5,actor_crassus,Crassus,individual,54.000000,9,2,1
direct_borrower_lender_graph,component_size,6,actor_amici,amici,collective_group,54.000000,10,2,0
direct_borrower_lender_graph,component_size,7,actor_clodia,Clodia,individual,54.000000,11,1,0
direct_borrower_lender_graph,component_size,8,actor_a_caninius_satyrus,A. Caninius Satyrus,individual,54.000000,32,1,0
direct_borrower_lender_graph,component_size,9,actor_p_varius,P. Varius,individual,54.000000,33,1,0
direct_borrower_lender_graph,component_size,10,actor_publilius,Publilius,individual,54.000000,34,2,0
direct_borrower_lender_graph,component_size,11,actor_silius,Silius,individual,54.000000,35,2,2
direct_borrower_lender_graph,component_size,12,actor_caecilius,Caecilius,individual,54.000000,40,2,0
direct_borrower_lender_graph,component_size,13,actor_caelius,Caelius,individual,54.000000,41,3,1
direct_borrower_lender_graph,component_size,14,actor_dolabella,Dolabella,individual,54.000000,42,3,0
direct_borrower_lender_graph,component_size,15,actor_arpinum,Arpinum,civic_body,54.000000,43,1,0
direct_borrower_lender_graph,component_size,16,actor_aurelius,Aurelius,individual,54.000000,44,1,0
direct_borrower_lender_graph,component_size,17,actor_avianius,Avianius,individual,54.000000,45,1,0
direct_borrower_lender_graph,component_size,18,actor_c_vestorius,C. Vestorius,professional_financier,54.000000,46,1,0
direct_borrower_lender_graph,component_size,19,actor_caerellia,Caerellia,individual,54.000000,47,2,0
direct_borrower_lender_graph,component_size,20,actor_clodius_hermogenes,Clodius Hermogenes,individual,54.000000,48,1,0
direct_borrower_lender_graph,pagerank,1,actor_cicero,Cicero,individual,0.066584,1,49,22
direct_borrower_lender_graph,pagerank,2,actor_atticus,Atticus,individual,0.024331,2,8,18
direct_borrower_lender_graph,pagerank,3,actor_pompey,Pompey,individual,0.021264,3,3,1
direct_borrower_lender_graph,pagerank,4,actor_caesar,Caesar,individual,0.017901,4,6,1
direct_borrower_lender_graph,pagerank,5,actor_brutus,Brutus,individual,0.016329,5,2,1
direct_borrower_lender_graph,pagerank,6,actor_cluvius,Cluvius,professional_financier,0.016329,6,4,0
direct_borrower_lender_graph,pagerank,7,actor_plancus,Plancus,individual,0.016329,7,2,0
direct_borrower_lender_graph,pagerank,8,actor_young_lucullus,young Lucullus,individual,0.015558,8,1,0
direct_borrower_lender_graph,pagerank,9,actor_crassus,Crassus,individual,0.012761,9,2,1
direct_borrower_lender_graph,pagerank,10,actor_amici,amici,collective_group,0.012761,10,2,0
direct_borrower_lender_graph,pagerank,11,actor_clodia,Clodia,individual,0.012525,11,1,0
direct_borrower_lender_graph,pagerank,12,actor_cato_the_younger,Cato the Younger,individual,0.011189,12,2,0
direct_borrower_lender_graph,pagerank,13,actor_curius,Curius,individual,0.011189,13,2,1
direct_borrower_lender_graph,pagerank,14,actor_antony_creditors,Antony creditors,collective_group,0.011189,14,1,0
direct_borrower_lender_graph,pagerank,15,actor_c_flavius,C. Flavius,individual,0.011189,15,1,0
direct_borrower_lender_graph,pagerank,16,actor_c_octavius,C. Octavius,individual,0.011189,16,1,0
direct_borrower_lender_graph,pagerank,17,actor_camillus,Camillus,individual,0.011189,17,1,2
direct_borrower_lender_graph,pagerank,18,actor_iunius,Iunius,individual,0.011189,18,1,0
direct_borrower_lender_graph,pagerank,19,actor_l_lucceius,L. Lucceius,individual,0.011189,19,1,0
direct_borrower_lender_graph,pagerank,20,actor_l_titius_strabo,L. Titius Strabo,individual,0.011189,20,1,0
direct_borrower_lender_graph,betweenness,1,actor_cicero,Cicero,individual,0.227319,1,49,22
direct_borrower_lender_graph,betweenness,2,actor_atticus,Atticus,individual,0.056575,2,8,18
direct_borrower_lender_graph,betweenness,3,actor_quintus_cicero,Quintus Cicero,family_or_household,0.034319,69,7,2
direct_borrower_lender_graph,betweenness,4,actor_caesar,Caesar,individual,0.017499,4,6,1
direct_borrower_lender_graph,betweenness,5,actor_caecilius,Caecilius,individual,0.017499,40,2,0
direct_borrower_lender_graph,betweenness,6,actor_crassus,Crassus,individual,0.008835,9,2,1
direct_borrower_lender_graph,betweenness,7,actor_amici,amici,collective_group,0.008835,10,2,0
direct_borrower_lender_graph,betweenness,8,actor_caelius,Caelius,individual,0.008835,41,3,1
direct_borrower_lender_graph,betweenness,9,actor_brutus,Brutus,individual,0.000170,5,2,1
direct_borrower_lender_graph,betweenness,10,actor_cluvius,Cluvius,professional_financier,0.000170,6,4,0
direct_borrower_lender_graph,betweenness,11,actor_plancus,Plancus,individual,0.000170,7,2,0
direct_borrower_lender_graph,betweenness,12,actor_cato_the_younger,Cato the Younger,individual,0.000170,12,2,0
direct_borrower_lender_graph,betweenness,13,actor_heraclides,Heraclides,individual,0.000170,70,1,0
direct_borrower_lender_graph,betweenness,14,actor_borrowers_under_verres_scheme,borrowers under Verres' scheme,collective_group,0.000170,71,1,0
direct_borrower_lender_graph,betweenness,15,actor_pompey,Pompey,individual,0.000000,3,3,1
direct_borrower_lender_graph,betweenness,16,actor_young_lucullus,young Lucullus,individual,0.000000,8,1,0
direct_borrower_lender_graph,betweenness,17,actor_clodia,Clodia,individual,0.000000,11,1,0
direct_borrower_lender_graph,betweenness,18,actor_curius,Curius,individual,0.000000,13,2,1
direct_borrower_lender_graph,betweenness,19,actor_antony_creditors,Antony creditors,collective_group,0.000000,14,1,0
direct_borrower_lender_graph,betweenness,20,actor_c_flavius,C. Flavius,individual,0.000000,15,1,0
episode_level_graph,weighted_degree,1,actor_cicero,Cicero,individual,129.000000,1,49,22
episode_level_graph,weighted_degree,2,actor_atticus,Atticus,individual,45.000000,4,8,18
episode_level_graph,weighted_degree,3,actor_quintus_cicero,Quintus Cicero,family_or_household,22.000000,2,7,2
episode_level_graph,weighted_degree,4,actor_tiro,Tiro,freedman_or_agent,13.000000,26,2,5
episode_level_graph,weighted_degree,5,actor_brutus,Brutus,individual,9.000000,5,2,1
episode_level_graph,weighted_degree,6,actor_egnatius,Egnatius,individual,9.000000,11,1,1
episode_level_graph,weighted_degree,7,actor_cluvius,Cluvius,professional_financier,8.000000,6,4,0
episode_level_graph,weighted_degree,8,actor_eros,Eros,freedman_or_agent,8.000000,107,0,4
episode_level_graph,weighted_degree,9,actor_terentia,Terentia,family_or_household,7.000000,68,2,3
episode_level_graph,weighted_degree,10,actor_caesar,Caesar,individual,6.000000,8,6,1
episode_level_graph,weighted_degree,11,actor_caerellia,Caerellia,individual,6.000000,13,2,0
episode_level_graph,weighted_degree,12,actor_caecilius,Caecilius,individual,6.000000,33,2,0
episode_level_graph,weighted_degree,13,actor_dolabella,Dolabella,individual,6.000000,37,3,0
episode_level_graph,weighted_degree,14,actor_silius,Silius,individual,6.000000,41,2,2
episode_level_graph,weighted_degree,15,actor_faberius,Faberius,individual,6.000000,67,1,2
episode_level_graph,weighted_degree,16,actor_philotimus,Philotimus,freedman_or_agent,6.000000,69,2,1
episode_level_graph,weighted_degree,17,actor_plancus,Plancus,individual,5.000000,7,2,0
episode_level_graph,weighted_degree,18,actor_pompey,Pompey,individual,5.000000,9,3,1
episode_level_graph,weighted_degree,19,actor_salamis,Salamis,civic_body,5.000000,24,1,0
episode_level_graph,weighted_degree,20,actor_oppius,Oppius,individual,5.000000,44,1,1
episode_level_graph,component_size,1,actor_cicero,Cicero,individual,119.000000,1,49,22
episode_level_graph,component_size,2,actor_quintus_cicero,Quintus Cicero,family_or_household,119.000000,2,7,2
episode_level_graph,component_size,3,actor_l_titius_strabo,L. Titius Strabo,individual,119.000000,3,1,0
episode_level_graph,component_size,4,actor_atticus,Atticus,individual,119.000000,4,8,18
episode_level_graph,component_size,5,actor_brutus,Brutus,individual,119.000000,5,2,1
episode_level_graph,component_size,6,actor_cluvius,Cluvius,professional_financier,119.000000,6,4,0
episode_level_graph,component_size,7,actor_plancus,Plancus,individual,119.000000,7,2,0
episode_level_graph,component_size,8,actor_caesar,Caesar,individual,119.000000,8,6,1
episode_level_graph,component_size,9,actor_pompey,Pompey,individual,119.000000,9,3,1
episode_level_graph,component_size,10,actor_p_cornelius,P. Cornelius,individual,119.000000,10,1,0
episode_level_graph,component_size,11,actor_egnatius,Egnatius,individual,119.000000,11,1,1
episode_level_graph,component_size,12,actor_p_valerius,P. Valerius,individual,119.000000,12,1,0
episode_level_graph,component_size,13,actor_caerellia,Caerellia,individual,119.000000,13,2,0
episode_level_graph,component_size,14,actor_young_t_pinnius,young T. Pinnius,individual,119.000000,14,1,0
episode_level_graph,component_size,15,actor_iunius,Iunius,individual,119.000000,15,1,0
episode_level_graph,component_size,16,actor_l_lucceius,L. Lucceius,individual,119.000000,16,1,0
episode_level_graph,component_size,17,actor_publicani,publicani,collective_group,119.000000,17,1,0
episode_level_graph,component_size,18,actor_amici,amici,collective_group,119.000000,18,2,0
episode_level_graph,component_size,19,actor_a_caninius_satyrus,A. Caninius Satyrus,individual,119.000000,19,1,0
episode_level_graph,component_size,20,actor_p_varius,P. Varius,individual,119.000000,20,1,0
episode_level_graph,pagerank,1,actor_cicero,Cicero,individual,0.088585,1,49,22
episode_level_graph,pagerank,2,actor_quintus_cicero,Quintus Cicero,family_or_household,0.026202,2,7,2
episode_level_graph,pagerank,3,actor_l_titius_strabo,L. Titius Strabo,individual,0.024544,3,1,0
episode_level_graph,pagerank,4,actor_atticus,Atticus,individual,0.024496,4,8,18
episode_level_graph,pagerank,5,actor_brutus,Brutus,individual,0.021074,5,2,1
episode_level_graph,pagerank,6,actor_cluvius,Cluvius,professional_financier,0.018360,6,4,0
episode_level_graph,pagerank,7,actor_plancus,Plancus,individual,0.016140,7,2,0
episode_level_graph,pagerank,8,actor_caesar,Caesar,individual,0.014059,8,6,1
episode_level_graph,pagerank,9,actor_pompey,Pompey,individual,0.013435,9,3,1
episode_level_graph,pagerank,10,actor_p_cornelius,P. Cornelius,individual,0.013267,10,1,0
episode_level_graph,pagerank,11,actor_egnatius,Egnatius,individual,0.012553,11,1,1
episode_level_graph,pagerank,12,actor_p_valerius,P. Valerius,individual,0.011451,12,1,0
episode_level_graph,pagerank,13,actor_caerellia,Caerellia,individual,0.011286,13,2,0
episode_level_graph,pagerank,14,actor_young_t_pinnius,young T. Pinnius,individual,0.011261,14,1,0
episode_level_graph,pagerank,15,actor_iunius,Iunius,individual,0.010552,15,1,0
episode_level_graph,pagerank,16,actor_l_lucceius,L. Lucceius,individual,0.010552,16,1,0
episode_level_graph,pagerank,17,actor_publicani,publicani,collective_group,0.010552,17,1,0
episode_level_graph,pagerank,18,actor_amici,amici,collective_group,0.009572,18,2,0
episode_level_graph,pagerank,19,actor_a_caninius_satyrus,A. Caninius Satyrus,individual,0.009083,19,1,0
episode_level_graph,pagerank,20,actor_p_varius,P. Varius,individual,0.009083,20,1,0
episode_level_graph,betweenness,1,actor_cicero,Cicero,individual,0.546355,1,49,22
episode_level_graph,betweenness,2,actor_atticus,Atticus,individual,0.057619,4,8,18
episode_level_graph,betweenness,3,actor_cluvius,Cluvius,professional_financier,0.050464,6,4,0
episode_level_graph,betweenness,4,actor_caecilius,Caecilius,individual,0.050000,33,2,0
episode_level_graph,betweenness,5,actor_brutus,Brutus,individual,0.035806,5,2,1
episode_level_graph,betweenness,6,actor_caesar,Caesar,individual,0.023538,8,6,1
episode_level_graph,betweenness,7,actor_quintus_cicero,Quintus Cicero,family_or_household,0.021426,2,7,2
episode_level_graph,betweenness,8,actor_pompey,Pompey,individual,0.020648,9,3,1
episode_level_graph,betweenness,9,actor_salamis,Salamis,civic_body,0.014702,24,1,0
episode_level_graph,betweenness,10,actor_egnatius,Egnatius,individual,0.014212,11,1,1
episode_level_graph,betweenness,11,actor_caerellia,Caerellia,individual,0.010515,13,2,0
episode_level_graph,betweenness,12,actor_amici,amici,collective_group,0.010331,18,2,0
episode_level_graph,betweenness,13,actor_crassus,Crassus,individual,0.010331,32,2,1
episode_level_graph,betweenness,14,actor_caelius,Caelius,individual,0.010331,63,3,1
episode_level_graph,betweenness,15,actor_p_sulla,P. Sulla,individual,0.010331,84,1,1
episode_level_graph,betweenness,16,actor_m_anneius,M. Anneius,individual,0.009816,27,1,1
episode_level_graph,betweenness,17,actor_plancus,Plancus,individual,0.008209,7,2,0
episode_level_graph,betweenness,18,actor_marc_antony,Marc Antony,individual,0.007691,99,1,1
episode_level_graph,betweenness,19,actor_tiro,Tiro,freedman_or_agent,0.005277,26,2,5
episode_level_graph,betweenness,20,actor_iunius,Iunius,individual,0.005121,15,1,0
expanded_graph,weighted_degree,1,actor_cicero,Cicero,individual,129.000000,1,49,22
expanded_graph,weighted_degree,2,actor_atticus,Atticus,individual,45.000000,4,8,18
expanded_graph,weighted_degree,3,actor_quintus_cicero,Quintus Cicero,family_or_household,22.000000,2,7,2
expanded_graph,weighted_degree,4,actor_tiro,Tiro,freedman_or_agent,13.000000,26,2,5
expanded_graph,weighted_degree,5,actor_brutus,Brutus,individual,9.000000,5,2,1
expanded_graph,weighted_degree,6,actor_egnatius,Egnatius,individual,9.000000,11,1,1
expanded_graph,weighted_degree,7,actor_cluvius,Cluvius,professional_financier,8.000000,6,4,0
expanded_graph,weighted_degree,8,actor_eros,Eros,freedman_or_agent,8.000000,107,0,4
expanded_graph,weighted_degree,9,actor_terentia,Terentia,family_or_household,7.000000,68,2,3
expanded_graph,weighted_degree,10,actor_caesar,Caesar,individual,6.000000,8,6,1
expanded_graph,weighted_degree,11,actor_caerellia,Caerellia,individual,6.000000,13,2,0
expanded_graph,weighted_degree,12,actor_caecilius,Caecilius,individual,6.000000,33,2,0
expanded_graph,weighted_degree,13,actor_dolabella,Dolabella,individual,6.000000,37,3,0
expanded_graph,weighted_degree,14,actor_silius,Silius,individual,6.000000,41,2,2
expanded_graph,weighted_degree,15,actor_faberius,Faberius,individual,6.000000,67,1,2
expanded_graph,weighted_degree,16,actor_philotimus,Philotimus,freedman_or_agent,6.000000,69,2,1
expanded_graph,weighted_degree,17,actor_plancus,Plancus,individual,5.000000,7,2,0
expanded_graph,weighted_degree,18,actor_pompey,Pompey,individual,5.000000,9,3,1
expanded_graph,weighted_degree,19,actor_salamis,Salamis,civic_body,5.000000,24,1,0
expanded_graph,weighted_degree,20,actor_oppius,Oppius,individual,5.000000,44,1,1
expanded_graph,component_size,1,actor_cicero,Cicero,individual,119.000000,1,49,22
expanded_graph,component_size,2,actor_quintus_cicero,Quintus Cicero,family_or_household,119.000000,2,7,2
expanded_graph,component_size,3,actor_l_titius_strabo,L. Titius Strabo,individual,119.000000,3,1,0
expanded_graph,component_size,4,actor_atticus,Atticus,individual,119.000000,4,8,18
expanded_graph,component_size,5,actor_brutus,Brutus,individual,119.000000,5,2,1
expanded_graph,component_size,6,actor_cluvius,Cluvius,professional_financier,119.000000,6,4,0
expanded_graph,component_size,7,actor_plancus,Plancus,individual,119.000000,7,2,0
expanded_graph,component_size,8,actor_caesar,Caesar,individual,119.000000,8,6,1
expanded_graph,component_size,9,actor_pompey,Pompey,individual,119.000000,9,3,1
expanded_graph,component_size,10,actor_p_cornelius,P. Cornelius,individual,119.000000,10,1,0
expanded_graph,component_size,11,actor_egnatius,Egnatius,individual,119.000000,11,1,1
expanded_graph,component_size,12,actor_p_valerius,P. Valerius,individual,119.000000,12,1,0
expanded_graph,component_size,13,actor_caerellia,Caerellia,individual,119.000000,13,2,0
expanded_graph,component_size,14,actor_young_t_pinnius,young T. Pinnius,individual,119.000000,14,1,0
expanded_graph,component_size,15,actor_iunius,Iunius,individual,119.000000,15,1,0
expanded_graph,component_size,16,actor_l_lucceius,L. Lucceius,individual,119.000000,16,1,0
expanded_graph,component_size,17,actor_publicani,publicani,collective_group,119.000000,17,1,0
expanded_graph,component_size,18,actor_amici,amici,collective_group,119.000000,18,2,0
expanded_graph,component_size,19,actor_a_caninius_satyrus,A. Caninius Satyrus,individual,119.000000,19,1,0
expanded_graph,component_size,20,actor_p_varius,P. Varius,individual,119.000000,20,1,0
expanded_graph,pagerank,1,actor_cicero,Cicero,individual,0.088585,1,49,22
expanded_graph,pagerank,2,actor_quintus_cicero,Quintus Cicero,family_or_household,0.026202,2,7,2
expanded_graph,pagerank,3,actor_l_titius_strabo,L. Titius Strabo,individual,0.024544,3,1,0
expanded_graph,pagerank,4,actor_atticus,Atticus,individual,0.024496,4,8,18
expanded_graph,pagerank,5,actor_brutus,Brutus,individual,0.021074,5,2,1
expanded_graph,pagerank,6,actor_cluvius,Cluvius,professional_financier,0.018360,6,4,0
expanded_graph,pagerank,7,actor_plancus,Plancus,individual,0.016140,7,2,0
expanded_graph,pagerank,8,actor_caesar,Caesar,individual,0.014059,8,6,1
expanded_graph,pagerank,9,actor_pompey,Pompey,individual,0.013435,9,3,1
expanded_graph,pagerank,10,actor_p_cornelius,P. Cornelius,individual,0.013267,10,1,0
expanded_graph,pagerank,11,actor_egnatius,Egnatius,individual,0.012553,11,1,1
expanded_graph,pagerank,12,actor_p_valerius,P. Valerius,individual,0.011451,12,1,0
expanded_graph,pagerank,13,actor_caerellia,Caerellia,individual,0.011286,13,2,0
expanded_graph,pagerank,14,actor_young_t_pinnius,young T. Pinnius,individual,0.011261,14,1,0
expanded_graph,pagerank,15,actor_iunius,Iunius,individual,0.010552,15,1,0
expanded_graph,pagerank,16,actor_l_lucceius,L. Lucceius,individual,0.010552,16,1,0
expanded_graph,pagerank,17,actor_publicani,publicani,collective_group,0.010552,17,1,0
expanded_graph,pagerank,18,actor_amici,amici,collective_group,0.009572,18,2,0
expanded_graph,pagerank,19,actor_a_caninius_satyrus,A. Caninius Satyrus,individual,0.009083,19,1,0
expanded_graph,pagerank,20,actor_p_varius,P. Varius,individual,0.009083,20,1,0
expanded_graph,betweenness,1,actor_cicero,Cicero,individual,0.546355,1,49,22
expanded_graph,betweenness,2,actor_atticus,Atticus,individual,0.057619,4,8,18
expanded_graph,betweenness,3,actor_cluvius,Cluvius,professional_financier,0.050464,6,4,0
expanded_graph,betweenness,4,actor_caecilius,Caecilius,individual,0.050000,33,2,0
expanded_graph,betweenness,5,actor_brutus,Brutus,individual,0.035806,5,2,1
expanded_graph,betweenness,6,actor_caesar,Caesar,individual,0.023538,8,6,1
expanded_graph,betweenness,7,actor_quintus_cicero,Quintus Cicero,family_or_household,0.021426,2,7,2
expanded_graph,betweenness,8,actor_pompey,Pompey,individual,0.020648,9,3,1
expanded_graph,betweenness,9,actor_salamis,Salamis,civic_body,0.014702,24,1,0
expanded_graph,betweenness,10,actor_egnatius,Egnatius,individual,0.014212,11,1,1
expanded_graph,betweenness,11,actor_caerellia,Caerellia,individual,0.010515,13,2,0
expanded_graph,betweenness,12,actor_amici,amici,collective_group,0.010331,18,2,0
expanded_graph,betweenness,13,actor_crassus,Crassus,individual,0.010331,32,2,1
expanded_graph,betweenness,14,actor_caelius,Caelius,individual,0.010331,63,3,1
expanded_graph,betweenness,15,actor_p_sulla,P. Sulla,individual,0.010331,84,1,1
expanded_graph,betweenness,16,actor_m_anneius,M. Anneius,individual,0.009816,27,1,1
expanded_graph,betweenness,17,actor_plancus,Plancus,individual,0.008209,7,2,0
expanded_graph,betweenness,18,actor_marc_antony,Marc Antony,individual,0.007691,99,1,1
expanded_graph,betweenness,19,actor_tiro,Tiro,freedman_or_agent,0.005277,26,2,5
expanded_graph,betweenness,20,actor_iunius,Iunius,individual,0.005121,15,1,0
high_confidence_graph,weighted_degree,1,actor_cicero,Cicero,individual,49.000000,1,49,22
high_confidence_graph,weighted_degree,2,actor_atticus,Atticus,individual,16.000000,5,8,18
high_confidence_graph,weighted_degree,3,actor_quintus_cicero,Quintus Cicero,family_or_household,13.000000,9,7,2
high_confidence_graph,weighted_degree,4,actor_tiro,Tiro,freedman_or_agent,11.000000,54,2,5
high_confidence_graph,weighted_degree,5,actor_brutus,Brutus,individual,9.000000,3,2,1
high_confidence_graph,weighted_degree,6,actor_cluvius,Cluvius,professional_financier,7.000000,4,4,0
high_confidence_graph,weighted_degree,7,actor_egnatius,Egnatius,individual,7.000000,8,1,1
high_confidence_graph,weighted_degree,8,actor_faberius,Faberius,individual,6.000000,38,1,2
high_confidence_graph,weighted_degree,9,actor_eros,Eros,freedman_or_agent,6.000000,62,0,4
high_confidence_graph,weighted_degree,10,actor_salamis,Salamis,civic_body,5.000000,15,1,0
high_confidence_graph,weighted_degree,11,actor_silius,Silius,individual,5.000000,27,2,2
high_confidence_graph,weighted_degree,12,actor_caerellia,Caerellia,individual,4.000000,17,2,0
high_confidence_graph,weighted_degree,13,actor_borrowers_under_verres_scheme,borrowers under Verres' scheme,collective_group,4.000000,39,1,0
high_confidence_graph,weighted_degree,14,actor_marc_antony,Marc Antony,individual,4.000000,41,1,1
high_confidence_graph,weighted_degree,15,actor_flaminius,Flaminius,individual,4.000000,59,1,1
high_confidence_graph,weighted_degree,16,actor_verres,Verres,individual,4.000000,60,0,2
high_confidence_graph,weighted_degree,17,actor_q_axius,Q. Axius,individual,4.000000,61,1,2
high_confidence_graph,weighted_degree,18,actor_l_titius_strabo,L. Titius Strabo,individual,3.000000,2,1,0
high_confidence_graph,weighted_degree,19,actor_p_cornelius,P. Cornelius,individual,3.000000,6,1,0
high_confidence_graph,weighted_degree,20,actor_young_t_pinnius,young T. Pinnius,individual,3.000000,7,1,0
high_confidence_graph,component_size,1,actor_cicero,Cicero,individual,61.000000,1,49,22
high_confidence_graph,component_size,2,actor_l_titius_strabo,L. Titius Strabo,individual,61.000000,2,1,0
high_confidence_graph,component_size,3,actor_brutus,Brutus,individual,61.000000,3,2,1
high_confidence_graph,component_size,4,actor_cluvius,Cluvius,professional_financier,61.000000,4,4,0
high_confidence_graph,component_size,5,actor_atticus,Atticus,individual,61.000000,5,8,18
high_confidence_graph,component_size,6,actor_p_cornelius,P. Cornelius,individual,61.000000,6,1,0
high_confidence_graph,component_size,7,actor_young_t_pinnius,young T. Pinnius,individual,61.000000,7,1,0
high_confidence_graph,component_size,8,actor_egnatius,Egnatius,individual,61.000000,8,1,1
high_confidence_graph,component_size,9,actor_quintus_cicero,Quintus Cicero,family_or_household,61.000000,9,7,2
high_confidence_graph,component_size,10,actor_l_lucceius,L. Lucceius,individual,61.000000,10,1,0
high_confidence_graph,component_size,11,actor_plancus,Plancus,individual,61.000000,11,2,0
high_confidence_graph,component_size,12,actor_salamis,Salamis,civic_body,61.000000,15,1,0
high_confidence_graph,component_size,13,actor_caerellia,Caerellia,individual,61.000000,17,2,0
high_confidence_graph,component_size,14,actor_l_tullius_montanus,L. Tullius Montanus,individual,61.000000,18,2,0
high_confidence_graph,component_size,15,actor_nicaea,Nicaea,civic_body,61.000000,21,1,0
high_confidence_graph,component_size,16,actor_caesar,Caesar,individual,61.000000,22,6,1
high_confidence_graph,component_size,17,actor_clodia,Clodia,individual,61.000000,23,1,0
high_confidence_graph,component_size,18,actor_caepio,Caepio,individual,61.000000,24,1,0
high_confidence_graph,component_size,19,actor_m_antonius,M. Antonius,individual,61.000000,25,1,0
high_confidence_graph,component_size,20,actor_publilius,Publilius,individual,61.000000,26,2,0
high_confidence_graph,pagerank,1,actor_cicero,Cicero,individual,0.059362,1,49,22
high_confidence_graph,pagerank,2,actor_l_titius_strabo,L. Titius Strabo,individual,0.044917,2,1,0
high_confidence_graph,pagerank,3,actor_brutus,Brutus,individual,0.038589,3,2,1
high_confidence_graph,pagerank,4,actor_cluvius,Cluvius,professional_financier,0.032268,4,4,0
high_confidence_graph,pagerank,5,actor_atticus,Atticus,individual,0.024485,5,8,18
high_confidence_graph,pagerank,6,actor_p_cornelius,P. Cornelius,individual,0.024280,6,1,0
high_confidence_graph,pagerank,7,actor_young_t_pinnius,young T. Pinnius,individual,0.023580,7,1,0
high_confidence_graph,pagerank,8,actor_egnatius,Egnatius,individual,0.022321,8,1,1
high_confidence_graph,pagerank,9,actor_quintus_cicero,Quintus Cicero,family_or_household,0.022158,9,7,2
high_confidence_graph,pagerank,10,actor_l_lucceius,L. Lucceius,individual,0.019303,10,1,0
high_confidence_graph,pagerank,11,actor_plancus,Plancus,individual,0.018958,11,2,0
high_confidence_graph,pagerank,12,actor_pompey,Pompey,individual,0.016229,12,3,1
high_confidence_graph,pagerank,13,actor_roman_state,Roman state,public_body,0.015845,13,1,0
high_confidence_graph,pagerank,14,actor_scapula_heirs,Scapula heirs,individual,0.015845,14,1,0
high_confidence_graph,pagerank,15,actor_salamis,Salamis,civic_body,0.015543,15,1,0
high_confidence_graph,pagerank,16,actor_young_lucullus,young Lucullus,individual,0.015462,16,1,0
high_confidence_graph,pagerank,17,actor_caerellia,Caerellia,individual,0.013128,17,2,0
high_confidence_graph,pagerank,18,actor_l_tullius_montanus,L. Tullius Montanus,individual,0.013009,18,2,0
high_confidence_graph,pagerank,19,actor_l_carpinatius,L. Carpinatius,individual,0.012812,19,1,0
high_confidence_graph,pagerank,20,actor_sicilian_tax_company,Sicilian tax company,collective_group,0.012812,20,1,0
high_confidence_graph,betweenness,1,actor_cicero,Cicero,individual,0.377109,1,49,22
high_confidence_graph,betweenness,2,actor_atticus,Atticus,individual,0.167009,5,8,18
high_confidence_graph,betweenness,3,actor_cluvius,Cluvius,professional_financier,0.077018,4,4,0
high_confidence_graph,betweenness,4,actor_brutus,Brutus,individual,0.055404,3,2,1
high_confidence_graph,betweenness,5,actor_flaminius,Flaminius,individual,0.046785,59,1,1
high_confidence_graph,betweenness,6,actor_marc_antony,Marc Antony,individual,0.031737,41,1,1
high_confidence_graph,betweenness,7,actor_quintus_cicero,Quintus Cicero,family_or_household,0.029526,9,7,2
high_confidence_graph,betweenness,8,actor_egnatius,Egnatius,individual,0.023735,8,1,1
high_confidence_graph,betweenness,9,actor_salamis,Salamis,civic_body,0.021751,15,1,0
high_confidence_graph,betweenness,10,actor_tiro,Tiro,freedman_or_agent,0.019722,54,2,5
high_confidence_graph,betweenness,11,actor_l_tullius_montanus,L. Tullius Montanus,individual,0.016142,18,2,0
high_confidence_graph,betweenness,12,actor_caelius,Caelius,individual,0.016142,51,3,1
high_confidence_graph,betweenness,13,actor_crassus,Crassus,individual,0.016142,52,2,1
high_confidence_graph,betweenness,14,actor_l_lucceius,L. Lucceius,individual,0.007934,10,1,0
high_confidence_graph,betweenness,15,actor_city_of_byllis,city of Byllis,civic_body,0.007934,35,1,0
high_confidence_graph,betweenness,16,actor_arpinum,Arpinum,civic_body,0.001733,34,1,0
high_confidence_graph,betweenness,17,actor_verres,Verres,individual,0.001186,60,0,2
high_confidence_graph,betweenness,18,actor_q_axius,Q. Axius,individual,0.000684,61,1,2
high_confidence_graph,betweenness,19,actor_caerellia,Caerellia,individual,0.000593,17,2,0
high_confidence_graph,betweenness,20,actor_faberius,Faberius,individual,0.000410,38,1,2
letters_only_graph,weighted_degree,1,actor_cicero,Cicero,individual,129.000000,1,49,22
letters_only_graph,weighted_degree,2,actor_atticus,Atticus,individual,42.000000,7,8,18
letters_only_graph,weighted_degree,3,actor_quintus_cicero,Quintus Cicero,family_or_household,22.000000,4,7,2
letters_only_graph,weighted_degree,4,actor_tiro,Tiro,freedman_or_agent,13.000000,22,2,5
letters_only_graph,weighted_degree,5,actor_brutus,Brutus,individual,9.000000,3,2,1
letters_only_graph,weighted_degree,6,actor_egnatius,Egnatius,individual,9.000000,9,1,1
letters_only_graph,weighted_degree,7,actor_cluvius,Cluvius,professional_financier,8.000000,5,4,0
letters_only_graph,weighted_degree,8,actor_eros,Eros,freedman_or_agent,8.000000,84,0,4
letters_only_graph,weighted_degree,9,actor_terentia,Terentia,family_or_household,7.000000,50,2,3
letters_only_graph,weighted_degree,10,actor_caerellia,Caerellia,individual,6.000000,11,2,0
letters_only_graph,weighted_degree,11,actor_caecilius,Caecilius,individual,6.000000,26,2,0
letters_only_graph,weighted_degree,12,actor_dolabella,Dolabella,individual,6.000000,29,3,0
letters_only_graph,weighted_degree,13,actor_silius,Silius,individual,6.000000,32,2,2
letters_only_graph,weighted_degree,14,actor_faberius,Faberius,individual,6.000000,46,1,2
letters_only_graph,weighted_degree,15,actor_philotimus,Philotimus,freedman_or_agent,6.000000,51,2,1
letters_only_graph,weighted_degree,16,actor_plancus,Plancus,individual,5.000000,6,2,0
letters_only_graph,weighted_degree,17,actor_pompey,Pompey,individual,5.000000,16,3,1
letters_only_graph,weighted_degree,18,actor_salamis,Salamis,civic_body,5.000000,20,1,0
letters_only_graph,weighted_degree,19,actor_oppius,Oppius,individual,5.000000,37,1,1
letters_only_graph,weighted_degree,20,actor_q_axius,Q. Axius,individual,5.000000,62,1,2
letters_only_graph,component_size,1,actor_cicero,Cicero,individual,110.000000,1,49,22
letters_only_graph,component_size,2,actor_l_titius_strabo,L. Titius Strabo,individual,110.000000,2,1,0
letters_only_graph,component_size,3,actor_brutus,Brutus,individual,110.000000,3,2,1
letters_only_graph,component_size,4,actor_quintus_cicero,Quintus Cicero,family_or_household,110.000000,4,7,2
letters_only_graph,component_size,5,actor_cluvius,Cluvius,professional_financier,110.000000,5,4,0
letters_only_graph,component_size,6,actor_plancus,Plancus,individual,110.000000,6,2,0
letters_only_graph,component_size,7,actor_atticus,Atticus,individual,110.000000,7,8,18
letters_only_graph,component_size,8,actor_p_cornelius,P. Cornelius,individual,110.000000,8,1,0
letters_only_graph,component_size,9,actor_egnatius,Egnatius,individual,110.000000,9,1,1
letters_only_graph,component_size,10,actor_p_valerius,P. Valerius,individual,110.000000,10,1,0
letters_only_graph,component_size,11,actor_caerellia,Caerellia,individual,110.000000,11,2,0
letters_only_graph,component_size,12,actor_young_t_pinnius,young T. Pinnius,individual,110.000000,12,1,0
letters_only_graph,component_size,13,actor_iunius,Iunius,individual,110.000000,13,1,0
letters_only_graph,component_size,14,actor_l_lucceius,L. Lucceius,individual,110.000000,14,1,0
letters_only_graph,component_size,15,actor_publicani,publicani,collective_group,110.000000,15,1,0
letters_only_graph,component_size,16,actor_pompey,Pompey,individual,110.000000,16,3,1
letters_only_graph,component_size,17,actor_a_caninius_satyrus,A. Caninius Satyrus,individual,110.000000,17,1,0
letters_only_graph,component_size,18,actor_p_varius,P. Varius,individual,110.000000,18,1,0
letters_only_graph,component_size,19,actor_amici,amici,collective_group,110.000000,19,2,0
letters_only_graph,component_size,20,actor_salamis,Salamis,civic_body,110.000000,20,1,0
letters_only_graph,pagerank,1,actor_cicero,Cicero,individual,0.106109,1,49,22
letters_only_graph,pagerank,2,actor_l_titius_strabo,L. Titius Strabo,individual,0.032194,2,1,0
letters_only_graph,pagerank,3,actor_brutus,Brutus,individual,0.027778,3,2,1
letters_only_graph,pagerank,4,actor_quintus_cicero,Quintus Cicero,family_or_household,0.025273,4,7,2
letters_only_graph,pagerank,5,actor_cluvius,Cluvius,professional_financier,0.023929,5,4,0
letters_only_graph,pagerank,6,actor_plancus,Plancus,individual,0.021130,6,2,0
letters_only_graph,pagerank,7,actor_atticus,Atticus,individual,0.019606,7,8,18
letters_only_graph,pagerank,8,actor_p_cornelius,P. Cornelius,individual,0.017402,8,1,0
letters_only_graph,pagerank,9,actor_egnatius,Egnatius,individual,0.015271,9,1,1
letters_only_graph,pagerank,10,actor_p_valerius,P. Valerius,individual,0.015016,10,1,0
letters_only_graph,pagerank,11,actor_caerellia,Caerellia,individual,0.014651,11,2,0
letters_only_graph,pagerank,12,actor_young_t_pinnius,young T. Pinnius,individual,0.014583,12,1,0
letters_only_graph,pagerank,13,actor_iunius,Iunius,individual,0.013783,13,1,0
letters_only_graph,pagerank,14,actor_l_lucceius,L. Lucceius,individual,0.013783,14,1,0
letters_only_graph,pagerank,15,actor_publicani,publicani,collective_group,0.013783,15,1,0
letters_only_graph,pagerank,16,actor_pompey,Pompey,individual,0.012301,16,3,1
letters_only_graph,pagerank,17,actor_a_caninius_satyrus,A. Caninius Satyrus,individual,0.012023,17,1,0
letters_only_graph,pagerank,18,actor_p_varius,P. Varius,individual,0.012023,18,1,0
letters_only_graph,pagerank,19,actor_amici,amici,collective_group,0.011691,19,2,0
letters_only_graph,pagerank,20,actor_salamis,Salamis,civic_body,0.011158,20,1,0
letters_only_graph,betweenness,1,actor_cicero,Cicero,individual,0.854190,1,49,22
letters_only_graph,betweenness,2,actor_cluvius,Cluvius,professional_financier,0.083202,5,4,0
letters_only_graph,betweenness,3,actor_caecilius,Caecilius,individual,0.082372,26,2,0
letters_only_graph,betweenness,4,actor_brutus,Brutus,individual,0.059102,3,2,1
letters_only_graph,betweenness,5,actor_atticus,Atticus,individual,0.036599,7,8,18
letters_only_graph,betweenness,6,actor_pompey,Pompey,individual,0.033897,16,3,1
letters_only_graph,betweenness,7,actor_quintus_cicero,Quintus Cicero,family_or_household,0.031935,4,7,2
letters_only_graph,betweenness,8,actor_salamis,Salamis,civic_body,0.024178,20,1,0
letters_only_graph,betweenness,9,actor_egnatius,Egnatius,individual,0.023533,9,1,1
letters_only_graph,betweenness,10,actor_caerellia,Caerellia,individual,0.017396,11,2,0
letters_only_graph,betweenness,11,actor_amici,amici,collective_group,0.017067,19,2,0
letters_only_graph,betweenness,12,actor_m_anneius,M. Anneius,individual,0.016356,23,1,1
letters_only_graph,betweenness,13,actor_plancus,Plancus,individual,0.013730,6,2,0
letters_only_graph,betweenness,14,actor_iunius,Iunius,individual,0.008454,13,1,0
letters_only_graph,betweenness,15,actor_l_lucceius,L. Lucceius,individual,0.008454,14,1,0
letters_only_graph,betweenness,16,actor_publicani,publicani,collective_group,0.008454,15,1,0
letters_only_graph,betweenness,17,actor_cornificius,Cornificius,individual,0.008454,39,1,1
letters_only_graph,betweenness,18,actor_greek_provincial_communities,Greek provincial communities,civic_body,0.008454,40,1,0
letters_only_graph,betweenness,19,actor_city_of_byllis,city of Byllis,civic_body,0.008454,41,1,0
letters_only_graph,betweenness,20,actor_buthrotum,Buthrotum,individual,0.008228,42,1,0
monetary_subgraph,weighted_degree,1,actor_cicero,Cicero,individual,9.000000,3,49,22
monetary_subgraph,weighted_degree,2,actor_egnatius,Egnatius,individual,7.000000,1,1,1
monetary_subgraph,weighted_degree,3,actor_quintus_cicero,Quintus Cicero,family_or_household,7.000000,2,7,2
monetary_subgraph,weighted_degree,4,actor_q_axius,Q. Axius,individual,4.000000,10,1,2
monetary_subgraph,weighted_degree,5,actor_l_tullius_montanus,L. Tullius Montanus,individual,3.000000,5,2,0
monetary_subgraph,weighted_degree,6,actor_hermogenes,Hermogenes,individual,3.000000,11,0,1
monetary_subgraph,weighted_degree,7,actor_plancus,Plancus,individual,2.000000,4,2,0
monetary_subgraph,weighted_degree,8,actor_faberius,Faberius,individual,2.000000,6,1,2
monetary_subgraph,weighted_degree,9,actor_silius,Silius,individual,2.000000,7,2,2
monetary_subgraph,weighted_degree,10,actor_q_axius_son,Q. Axius' son,individual,2.000000,9,1,0
monetary_subgraph,weighted_degree,11,actor_atticus,Atticus,individual,2.000000,12,8,18
monetary_subgraph,weighted_degree,12,actor_flaminius,Flaminius,individual,2.000000,13,1,1
monetary_subgraph,weighted_degree,13,actor_l_ligus,L. Ligus,individual,2.000000,14,0,1
monetary_subgraph,weighted_degree,14,actor_pomponia,Pomponia,individual,2.000000,15,0,1
monetary_subgraph,weighted_degree,15,actor_q_titinius,Q. Titinius,individual,2.000000,16,0,1
monetary_subgraph,weighted_degree,16,actor_crassus,Crassus,individual,1.000000,8,2,1
monetary_subgraph,weighted_degree,17,actor_terentia,Terentia,family_or_household,1.000000,17,2,3
monetary_subgraph,weighted_degree,18,actor_tiro,Tiro,freedman_or_agent,1.000000,18,2,5
monetary_subgraph,component_size,1,actor_egnatius,Egnatius,individual,14.000000,1,1,1
monetary_subgraph,component_size,2,actor_quintus_cicero,Quintus Cicero,family_or_household,14.000000,2,7,2
monetary_subgraph,component_size,3,actor_cicero,Cicero,individual,14.000000,3,49,22
monetary_subgraph,component_size,4,actor_faberius,Faberius,individual,14.000000,6,1,2
monetary_subgraph,component_size,5,actor_silius,Silius,individual,14.000000,7,2,2
monetary_subgraph,component_size,6,actor_crassus,Crassus,individual,14.000000,8,2,1
monetary_subgraph,component_size,7,actor_q_axius_son,Q. Axius' son,individual,14.000000,9,1,0
monetary_subgraph,component_size,8,actor_q_axius,Q. Axius,individual,14.000000,10,1,2
monetary_subgraph,component_size,9,actor_hermogenes,Hermogenes,individual,14.000000,11,0,1
monetary_subgraph,component_size,10,actor_atticus,Atticus,individual,14.000000,12,8,18
monetary_subgraph,component_size,11,actor_l_ligus,L. Ligus,individual,14.000000,14,0,1
monetary_subgraph,component_size,12,actor_pomponia,Pomponia,individual,14.000000,15,0,1
monetary_subgraph,component_size,13,actor_q_titinius,Q. Titinius,individual,14.000000,16,0,1
monetary_subgraph,component_size,14,actor_tiro,Tiro,freedman_or_agent,14.000000,18,2,5
monetary_subgraph,component_size,15,actor_plancus,Plancus,individual,4.000000,4,2,0
monetary_subgraph,component_size,16,actor_l_tullius_montanus,L. Tullius Montanus,individual,4.000000,5,2,0
monetary_subgraph,component_size,17,actor_flaminius,Flaminius,individual,4.000000,13,1,1
monetary_subgraph,component_size,18,actor_terentia,Terentia,family_or_household,4.000000,17,2,3
monetary_subgraph,pagerank,1,actor_egnatius,Egnatius,individual,0.187240,1,1,1
monetary_subgraph,pagerank,2,actor_quintus_cicero,Quintus Cicero,family_or_household,0.101211,2,7,2
monetary_subgraph,pagerank,3,actor_cicero,Cicero,individual,0.098016,3,49,22
monetary_subgraph,pagerank,4,actor_plancus,Plancus,individual,0.097502,4,2,0
monetary_subgraph,pagerank,5,actor_l_tullius_montanus,L. Tullius Montanus,individual,0.066042,5,2,0
monetary_subgraph,pagerank,6,actor_faberius,Faberius,individual,0.053917,6,1,2
monetary_subgraph,pagerank,7,actor_silius,Silius,individual,0.053917,7,2,2
monetary_subgraph,pagerank,8,actor_crassus,Crassus,individual,0.045692,8,2,1
monetary_subgraph,pagerank,9,actor_q_axius_son,Q. Axius' son,individual,0.035198,9,1,0
monetary_subgraph,pagerank,10,actor_q_axius,Q. Axius,individual,0.029029,10,1,2
monetary_subgraph,pagerank,11,actor_hermogenes,Hermogenes,individual,0.029029,11,0,1
monetary_subgraph,pagerank,12,actor_atticus,Atticus,individual,0.029029,12,8,18
monetary_subgraph,pagerank,13,actor_flaminius,Flaminius,individual,0.029029,13,1,1
monetary_subgraph,pagerank,14,actor_l_ligus,L. Ligus,individual,0.029029,14,0,1
monetary_subgraph,pagerank,15,actor_pomponia,Pomponia,individual,0.029029,15,0,1
monetary_subgraph,pagerank,16,actor_q_titinius,Q. Titinius,individual,0.029029,16,0,1
monetary_subgraph,pagerank,17,actor_terentia,Terentia,family_or_household,0.029029,17,2,3
monetary_subgraph,pagerank,18,actor_tiro,Tiro,freedman_or_agent,0.029029,18,2,5
monetary_subgraph,betweenness,1,actor_cicero,Cicero,individual,0.371324,3,49,22
monetary_subgraph,betweenness,2,actor_egnatius,Egnatius,individual,0.139706,1,1,1
monetary_subgraph,betweenness,3,actor_quintus_cicero,Quintus Cicero,family_or_household,0.139706,2,7,2
monetary_subgraph,betweenness,4,actor_q_axius,Q. Axius,individual,0.022059,10,1,2
monetary_subgraph,betweenness,5,actor_l_tullius_montanus,L. Tullius Montanus,individual,0.014706,5,2,0
monetary_subgraph,betweenness,6,actor_hermogenes,Hermogenes,individual,0.003676,11,0,1
monetary_subgraph,betweenness,7,actor_plancus,Plancus,individual,0.000000,4,2,0
monetary_subgraph,betweenness,8,actor_faberius,Faberius,individual,0.000000,6,1,2
monetary_subgraph,betweenness,9,actor_silius,Silius,individual,0.000000,7,2,2
monetary_subgraph,betweenness,10,actor_crassus,Crassus,individual,0.000000,8,2,1
monetary_subgraph,betweenness,11,actor_q_axius_son,Q. Axius' son,individual,0.000000,9,1,0
monetary_subgraph,betweenness,12,actor_atticus,Atticus,individual,0.000000,12,8,18
monetary_subgraph,betweenness,13,actor_flaminius,Flaminius,individual,0.000000,13,1,1
monetary_subgraph,betweenness,14,actor_l_ligus,L. Ligus,individual,0.000000,14,0,1
monetary_subgraph,betweenness,15,actor_pomponia,Pomponia,individual,0.000000,15,0,1
monetary_subgraph,betweenness,16,actor_q_titinius,Q. Titinius,individual,0.000000,16,0,1
monetary_subgraph,betweenness,17,actor_terentia,Terentia,family_or_household,0.000000,17,2,3
monetary_subgraph,betweenness,18,actor_tiro,Tiro,freedman_or_agent,0.000000,18,2,5
third_party_context_graph,weighted_degree,1,actor_cicero,Cicero,individual,82.000000,1,49,22
third_party_context_graph,weighted_degree,2,actor_atticus,Atticus,individual,37.000000,7,8,18
third_party_context_graph,weighted_degree,3,actor_quintus_cicero,Quintus Cicero,family_or_household,16.000000,2,7,2
third_party_context_graph,weighted_degree,4,actor_tiro,Tiro,freedman_or_agent,11.000000,17,2,5
third_party_context_graph,weighted_degree,5,actor_egnatius,Egnatius,individual,8.000000,8,1,1
third_party_context_graph,weighted_degree,6,actor_eros,Eros,freedman_or_agent,8.000000,87,0,4
third_party_context_graph,weighted_degree,7,actor_brutus,Brutus,individual,7.000000,6,2,1
third_party_context_graph,weighted_degree,8,actor_cluvius,Cluvius,professional_financier,6.000000,9,4,0
third_party_context_graph,weighted_degree,9,actor_terentia,Terentia,family_or_household,6.000000,65,2,3
third_party_context_graph,weighted_degree,10,actor_caerellia,Caerellia,individual,5.000000,5,2,0
third_party_context_graph,weighted_degree,11,actor_faberius,Faberius,individual,5.000000,67,1,2
third_party_context_graph,weighted_degree,12,actor_tullia,Tullia,family_or_household,5.000000,97,0,3
third_party_context_graph,weighted_degree,13,actor_salamis,Salamis,civic_body,4.000000,12,1,0
third_party_context_graph,weighted_degree,14,actor_oppius,Oppius,individual,4.000000,37,1,1
third_party_context_graph,weighted_degree,15,actor_philotimus,Philotimus,freedman_or_agent,4.000000,66,2,1
third_party_context_graph,weighted_degree,16,actor_silius,Silius,individual,4.000000,68,2,2
third_party_context_graph,weighted_degree,17,actor_q_axius,Q. Axius,individual,4.000000,88,1,2
third_party_context_graph,weighted_degree,18,actor_balbus,Balbus,individual,4.000000,98,0,2
third_party_context_graph,weighted_degree,19,actor_verres,Verres,individual,4.000000,100,0,2
third_party_context_graph,weighted_degree,20,actor_iunius,Iunius,individual,3.000000,3,1,0
third_party_context_graph,component_size,1,actor_cicero,Cicero,individual,98.000000,1,49,22
third_party_context_graph,component_size,2,actor_quintus_cicero,Quintus Cicero,family_or_household,98.000000,2,7,2
third_party_context_graph,component_size,3,actor_iunius,Iunius,individual,98.000000,3,1,0
third_party_context_graph,component_size,4,actor_amici,amici,collective_group,98.000000,4,2,0
third_party_context_graph,component_size,5,actor_caerellia,Caerellia,individual,98.000000,5,2,0
third_party_context_graph,component_size,6,actor_brutus,Brutus,individual,98.000000,6,2,1
third_party_context_graph,component_size,7,actor_atticus,Atticus,individual,98.000000,7,8,18
third_party_context_graph,component_size,8,actor_egnatius,Egnatius,individual,98.000000,8,1,1
third_party_context_graph,component_size,9,actor_cluvius,Cluvius,professional_financier,98.000000,9,4,0
third_party_context_graph,component_size,10,actor_l_titius_strabo,L. Titius Strabo,individual,98.000000,10,1,0
third_party_context_graph,component_size,11,actor_p_cornelius,P. Cornelius,individual,98.000000,11,1,0
third_party_context_graph,component_size,12,actor_salamis,Salamis,civic_body,98.000000,12,1,0
third_party_context_graph,component_size,13,actor_p_valerius,P. Valerius,individual,98.000000,13,1,0
third_party_context_graph,component_size,14,actor_plancus,Plancus,individual,98.000000,14,2,0
third_party_context_graph,component_size,15,actor_pompey,Pompey,individual,98.000000,15,3,1
third_party_context_graph,component_size,16,actor_scribonius_libo,Scribonius Libo,individual,98.000000,16,1,0
third_party_context_graph,component_size,17,actor_tiro,Tiro,freedman_or_agent,98.000000,17,2,5
third_party_context_graph,component_size,18,actor_caesar,Caesar,individual,98.000000,18,6,1
third_party_context_graph,component_size,19,actor_cornificius,Cornificius,individual,98.000000,25,1,1
third_party_context_graph,component_size,20,actor_buthrotum,Buthrotum,individual,98.000000,26,1,0
third_party_context_graph,pagerank,1,actor_cicero,Cicero,individual,0.080986,1,49,22
third_party_context_graph,pagerank,2,actor_quintus_cicero,Quintus Cicero,family_or_household,0.037694,2,7,2
third_party_context_graph,pagerank,3,actor_iunius,Iunius,individual,0.016209,3,1,0
third_party_context_graph,pagerank,4,actor_amici,amici,collective_group,0.015523,4,2,0
third_party_context_graph,pagerank,5,actor_caerellia,Caerellia,individual,0.015116,5,2,0
third_party_context_graph,pagerank,6,actor_brutus,Brutus,individual,0.014936,6,2,1
third_party_context_graph,pagerank,7,actor_atticus,Atticus,individual,0.014893,7,8,18
third_party_context_graph,pagerank,8,actor_egnatius,Egnatius,individual,0.014315,8,1,1
third_party_context_graph,pagerank,9,actor_cluvius,Cluvius,professional_financier,0.013972,9,4,0
third_party_context_graph,pagerank,10,actor_l_titius_strabo,L. Titius Strabo,individual,0.013051,10,1,0
third_party_context_graph,pagerank,11,actor_p_cornelius,P. Cornelius,individual,0.013051,11,1,0
third_party_context_graph,pagerank,12,actor_salamis,Salamis,civic_body,0.012878,12,1,0
third_party_context_graph,pagerank,13,actor_p_valerius,P. Valerius,individual,0.012599,13,1,0
third_party_context_graph,pagerank,14,actor_plancus,Plancus,individual,0.011210,14,2,0
third_party_context_graph,pagerank,15,actor_pompey,Pompey,individual,0.011017,15,3,1
third_party_context_graph,pagerank,16,actor_scribonius_libo,Scribonius Libo,individual,0.010927,16,1,0
third_party_context_graph,pagerank,17,actor_tiro,Tiro,freedman_or_agent,0.009715,17,2,5
third_party_context_graph,pagerank,18,actor_caesar,Caesar,individual,0.008959,18,6,1
third_party_context_graph,pagerank,19,actor_a_caninius_satyrus,A. Caninius Satyrus,individual,0.008959,19,1,0
third_party_context_graph,pagerank,20,actor_caecilius,Caecilius,individual,0.008959,20,2,0
third_party_context_graph,betweenness,1,actor_cicero,Cicero,individual,0.470371,1,49,22
third_party_context_graph,betweenness,2,actor_atticus,Atticus,individual,0.152426,7,8,18
third_party_context_graph,betweenness,3,actor_quintus_cicero,Quintus Cicero,family_or_household,0.085116,2,7,2
third_party_context_graph,betweenness,4,actor_cluvius,Cluvius,professional_financier,0.060194,9,4,0
third_party_context_graph,betweenness,5,actor_brutus,Brutus,individual,0.042774,6,2,1
third_party_context_graph,betweenness,6,actor_tiro,Tiro,freedman_or_agent,0.036811,17,2,5
third_party_context_graph,betweenness,7,actor_marc_antony,Marc Antony,individual,0.036645,44,1,1
third_party_context_graph,betweenness,8,actor_egnatius,Egnatius,individual,0.030181,8,1,1
third_party_context_graph,betweenness,9,actor_eros,Eros,freedman_or_agent,0.027753,87,0,4
third_party_context_graph,betweenness,10,actor_pompey,Pompey,individual,0.020742,15,3,1
third_party_context_graph,betweenness,11,actor_terentia,Terentia,family_or_household,0.019652,65,2,3
third_party_context_graph,betweenness,12,actor_salamis,Salamis,civic_body,0.017419,12,1,0
third_party_context_graph,betweenness,13,actor_m_anneius,M. Anneius,individual,0.015645,53,1,1
third_party_context_graph,betweenness,14,actor_caerellia,Caerellia,individual,0.013032,5,2,0
third_party_context_graph,betweenness,15,actor_q_axius,Q. Axius,individual,0.012682,88,1,2
third_party_context_graph,betweenness,16,actor_caesar,Caesar,individual,0.012387,18,6,1
third_party_context_graph,betweenness,17,actor_c_scribonius_curio,C. Scribonius Curio,individual,0.012387,89,1,1
third_party_context_graph,betweenness,18,actor_senate,Senate,public_body,0.012387,90,0,1
third_party_context_graph,betweenness,19,actor_varro,Varro,individual,0.012387,91,0,1
third_party_context_graph,betweenness,20,actor_procuratores,procuratores,collective_group,0.012387,92,0,1
